,Unnamed: 0,training day,DoB,exp_date,exp_name,mice_id,gender,total_trial,time_stim_begin,num_stim,num_enter,contrast,distance,comment,num_exp,exp_starttime,timestamp,latency_to_maxSpeed,mean_speed,max_instance_speed2safezone,max_instance_speed2water,max_instance_speed_before,mean_speed_before,speed_var_before,pause_times_before,coefficiency_speed,index_max_frequency,duration_high_speed,longest_immobile_duration,first_immobile_start,total_immobile_duration,x_loc_looming,x_loc_off,x_loc_end,x_loc_exit,x_loc_distance_duration_high_speed,exit_idx,enter_idx,trial_end_idx,back_to_track_idx,duration_reward,furthest_loc,furthest_idx,nearest_back_loc,nearest_back_idx,furthest_loc_after_esc,nearest_back_loc_after_esc,reach_safe_idx,neck_nose_angle_at_looming,tailbase_nose_angle_at_looming,x_loc_immobile,max_speedS,nPeriodS,speed_fold,escape_distance,escape_max_acc,escape_acc_var,nPeriodW,durationsM,sum_duration_lsM,latency_to_first_escape,back_idx_after_flee,fastest_escape_start,freeze_start,first_freeze_duration,freeze_end,duration_between_escape_and_freeze,binary_occasion,trial_recheck,idm_id,trial_index,manual_label,stim_omit,unsure,comment_y,isDefensive,whichDecision_new,ignore_probability,escape_probability,freeze_probability,freeze_escape_probability,x_loc_off_to_sz,x_loc_end_to_sz,x_loc_exit_to_sz,x_loc_change,exit_time_after_looming,end_time_after_looming,reach_safe_time_after_looming,escape_to_reach_safe_time,decision_latency,first_decision,decision_latency_new,escape_start_shelter,flee_at_n_looming,back_idx_after_flee_shelter,day_key
6349,6349,day2,20230203,20230412,habituate,idm8_0E8E,male,158,14:52:00,58.0,29.0,1.0,0.197373882,bias=-0.1,2,13:10:29,2023_04_12_14_52_00_420501,12.533333333333333,3.694108370034973,44.14961806361509,22.351501015738865,-24.062757406527503,-2.329841911557166,49.1510343568757,2.0,1.4013942366046197,1,0.5333333333333333,0.36666666666666664,0.7666666666666667,0.9666666666666667,17.737123686691813,6.94499186305848,93.19965716698442,93.19965716698442,21.632915547418975,900,0,900,-1,9.866666666666667,17.737123686691813,300,4.429147533143547,618,79.4974556272795,79.4974556272795,900.0,163.29987757853013,174.5470784775362,15.831556891889093,32.48612452017231,2,-1.782895952841329,61.398393504499445,-0.0923203983518005,0.1261019645856927,4,0.0,0.0,11.833333333333334,21.0,11.833333333333334,20.0,,,,1,158,idm8,idm8_158,,,,,0.0,0.0,0.9130771695880948,0.0,0.041985735413939,0.044937094997966,93.05500813694152,6.800342833015584,6.800342833015584,75.46253348029262,20.0,20.0,20.0,8.166666666666666,11.833333333333334,1,,10.3,11.0,,idm8_day2
6142,6142,day3,20230126,20230403,habituate,idm7_E99E,male,155,16:00:08,10.0,25.0,0.6,0.197373882,,7,15:28:21,2023_04_03_16_00_08_148200,13.266666666666667,3.494115977641001,37.07348416769678,19.60393606592969,-29.847052513902803,-8.879691842274864,102.17427963850932,1.0,1.5730854512141794,1,0.4666666666666667,0.6333333333333333,0.6333333333333333,2.6666666666666665,20.235999474158653,7.545877876585296,92.48736448144618,92.48736448144618,15.804589336472835,900,0,900,-1,11.866666666666667,20.235999474158653,300,4.789089293947902,648,82.98313357406333,82.98313357406333,900.0,177.11229384079175,-178.86151668542746,91.99634501409152,27.84669999069044,1,-1.2142567510745437,66.30475595543388,-0.0332167759404715,0.0692829968447083,4,0.0,0.0,12.7,21.0,12.7,20.0,,,,1,155,idm7,idm7_155,0.0,,,,0.0,0.0,0.905440470246912,0.0003128054740957,0.0525303218295995,0.0417164024493924,92.4541221234147,7.512635518553821,7.512635518553821,72.25136500728753,20.0,20.0,20.0,7.3,12.7,1,,10.3,11.0,,idm7_day3
2942,2942,day3,20240205,20240410,test,idm29_B8A3,male,117,11:48:41,27.0,27.0,0.125,0.192572212,,6,,2024_04_10_11_48_41_243225,12.466666666666667,3.941507838016717,48.40327285614127,15.48553893202521,-32.25122695928557,-9.506849542523812,95.06552711814736,2.0,1.52089134949837,1,0.3,0.9,0.9666666666666667,1.7666666666666666,17.756890011086703,6.290560654050792,94.5683071362456,94.5683071362456,12.97712565859686,900,0,900,-1,11.233333333333333,17.756890011086703,300,5.803196526079659,584,75.49778783985411,75.49778783985411,900.0,173.7859147170552,177.2544436366727,92.1018837035809,27.413704618296148,3,-1.1550481969521742,55.97081548149451,-0.0413802178819059,0.1094383528008642,6,0.0,0.0,11.133333333333333,21.0,12.033333333333333,20.0,,,,1,117,idm29,idm29_117,,,,,0.0,0.0,0.904000923799218,0.0003852692422117,0.0543486756949651,0.041265131263605,93.7094393459492,5.431692863754417,5.431692863754417,76.81141712515888,20.0,20.0,20.0,8.866666666666667,11.133333333333333,1,,10.3,11.0,,idm29_day3
6017,6017,day3,20230126,20230403,habituate,idm7_E03E,male,18,10:49:56,7.0,16.0,0.25,0.197373882,,3,10:35:33,2023_04_03_10_49_56_943141,11.933333333333334,3.6406775371633087,43.54675806965079,15.867016891179734,-51.6951086585208,-15.745970439647856,435.43474940507423,0.0,1.552920144768042,1,0.5333333333333333,0.7666666666666667,0.5,2.8666666666666667,20.834775403576764,6.814738063660477,91.69430571673298,91.69430571673298,21.31603372508082,900,143,900,-1,9.933333333333334,20.834775403576764,300,5.989742066562967,627,77.53333393774867,77.53333393774867,900.0,-172.99871084054524,-179.00072313388543,91.60448506403348,32.13874592279836,3,-1.0346316060555103,56.15175901863239,-0.0632913755895519,0.0247000848429153,4,0.43333333333333335,0.43333333333333335,11.0,21.0,11.0,8.233333333333333,0.43333333333333335,8.666666666666666,2.3333333333333335,1,18,idm7,idm7_18,0.0,,,,0.0,0.0,0.8958618346590435,0.0,0.0419573327048691,0.0621808326360873,93.18526193633953,8.305694283267016,8.305694283267016,70.85953031315623,20.0,20.0,20.0,9.0,8.233333333333333,2,,10.3,11.0,,idm7_day3
6176,6176,day4,20230126,20230404,retest,idm7_E1AE,male,189,10:48:26,11.0,24.0,0.75,0.197373882,,8,9:51:52,2023_04_04_10_48_26_173526,12.966666666666667,3.814966347472498,35.08472454198492,18.200616324931666,-41.58174271704701,-11.358171631029764,130.18731077889333,3.0,1.5326690060056092,1,0.4666666666666667,0.5,3.4,1.7333333333333334,18.941477322768154,7.502680366172082,95.63471813522327,95.63471813522327,14.634838235789331,900,31,900,-1,12.433333333333334,18.941477322768154,300,4.245711875531023,662,57.46988392635113,57.02053047807527,900.0,-174.95957396033432,-173.35276579520402,8.451007387682361,25.83340219590381,2,-1.0176769347702588,50.341064129331066,-0.0542952016796401,0.0446132222600119,6,0.5,0.5,12.3,21.0,12.3,5.6,0.5,6.1,6.2,1,189,idm7,idm7_189,,,,,0.0,0.0,0.89513029289383,0.0003128054740957,0.0660743406531164,0.0384825609789574,92.49731963382791,4.365281864776739,4.365281864776739,76.69324081245512,20.0,20.0,20.0,7.7,5.6,2,,10.3,11.0,,idm7_day4
6062,6062,day3,20230126,20230403,habituate,idm7_E03E,male,63,11:51:11,38.0,35.0,0.125,0.197373882,,3,10:35:33,2023_04_03_11_51_11_282898,13.933333333333334,4.671900274215744,47.42307143146083,12.72663006918781,-37.63078897223688,-7.976909050807212,70.70240393862164,2.0,1.535527472136352,1,0.5666666666666667,0.3,0.6333333333333333,1.9666666666666666,21.018414322830324,7.126796894427636,110.3170072115385,110.3170072115385,24.668215480976464,900,0,900,-2,10.3,21.018414322830324,300,6.844926505253233,495,93.28746749108919,93.28746749108919,824.0,159.3574821497145,166.32381692650773,6.903328083554376,26.90440310180644,4,-1.051087366587478,62.52505485069214,-0.0425784320050595,0.1522349137977702,6,0.0,0.0,13.5,21.0,13.5,20.0,,,,1,63,idm7,idm7_63,0.0,,,,0.0,0.0,0.8940754141050821,0.0003333333333333,0.0510479262500799,0.0545433263115047,92.87320310557237,-10.317007211538487,-10.317007211538487,89.29859288870817,20.0,20.0,17.466666666666665,3.966666666666667,13.5,1,,10.3,11.0,,idm7_day3
6253,6253,day2,20230203,20230412,habituate,idm8_E39E,male,62,11:48:12,62.0,46.0,1.0,0.192987762,bias=-0.1,0,10:18:25,2023_04_12_11_48_12_296867,12.433333333333334,3.751329136823121,58.12855407781295,22.814120580234555,-38.87973333229712,-8.795760612871447,211.11267905210087,0.0,1.8188534491272523,1,0.4666666666666667,0.4666666666666667,0.5333333333333333,1.7333333333333334,18.43121208373052,6.696034600943406,95.67384647332284,95.67384647332284,24.821512642210298,900,0,900,-1,11.6,18.43121208373052,300,4.9091210807982435,500,75.70680653701095,75.70680653701095,900.0,174.93315862697494,178.60483534358005,69.55280366690154,40.59245274694763,2,-1.4784811220955822,62.268973960168175,-0.0971303286228095,0.0237147776170891,6,0.0,0.0,11.533333333333333,21.0,11.533333333333333,20.0,,,,1,62,idm8,idm8_62,,,,,0.0,0.0,0.8940680993064238,7.246376811594203e-05,0.0468637069054888,0.0589957300199713,93.3039653990566,4.326153526677162,4.326153526677162,77.24263438959233,20.0,20.0,20.0,8.466666666666667,11.533333333333333,1,,10.3,11.0,,idm8_day2
6095,6095,day3,20230126,20230403,habituate,idm7_EA3E,male,96,12:29:28,33.0,29.0,0.25,0.092107001,,3,10:35:33,2023_04_03_12_29_28_018114,12.333333333333334,4.801724113042794,43.66453704937215,10.169017429563002,-13.709913930812428,-4.957418274707007,18.31435580754495,0.0,1.5726631257577155,0,0.36666666666666664,0.26666666666666666,1.3,1.1,10.791191930796174,7.37066358976086,106.65358970905173,106.65916220262764,14.4352146624254,900,0,894,-2,11.866666666666667,10.791191930796174,300,6.142500778724408,604,55.85955438183853,53.28332778566396,866.0,-170.25082878847337,-149.5199647250445,9.926385044735369,26.79276494956245,3,-2.17431043931173,45.463108740687694,-0.0704092407475254,0.0149851333976138,4,0.0,0.0,11.6,21.0,11.6,20.0,,,,1,96,idm7,idm7_96,0.0,,,,0.0,0.0,0.8938442201685224,0.0003128054740957,0.0658862078069152,0.0399567665504663,92.62933641023915,-6.653589709051724,-6.659162202627641,95.86239777825556,20.0,19.8,18.866666666666667,7.266666666666667,11.6,1,,10.3,11.0,,idm7_day3
2042,2042,day3,20230803,20231020,test,idm23_B563,male,19,12:23:06,4.0,4.0,0.25,0.197050672,,3,12:03:00,2023_10_20_12_23_06_080718,10.633333333333333,4.630127089368397,43.712533025805904,17.992123252209687,-58.8115339709672,-15.538421772651033,314.3901258080753,0.0,1.4660140959351813,0,0.4,1.9,4.633333333333334,4.266666666666667,20.15297401488934,7.614354707834259,110.68507802138595,111.27912418490274,15.950135734416447,900,104,877,-2,9.4,20.15297401488934,300,7.608586966517118,521,58.69720216138926,58.69720216138926,813.0,-174.8677009124425,-177.35145589288337,8.076935381092506,30.386122929745287,3,-0.7670784123070482,44.15709469742105,-0.0341626225006859,0.0210155206624643,6,0.0,0.0,9.766666666666667,21.0,9.766666666666667,20.0,,,,1,19,idm23,idm23_19,0.0,,,,0.0,0.0,0.8929476455346445,0.0003128054740957,0.0537110625937483,0.0530284863975111,92.38564529216575,-10.685078021385937,-11.279124184902733,90.5321040064966,20.0,19.233333333333334,17.1,7.333333333333333,9.766666666666667,1,,9.766666666666667,11.0,,idm23_day3
2845,2845,day2,20240205,20240409,test,idm29_B8A3,male,20,11:43:45,20.0,19.0,1.0,0.197050672,,0,,2024_04_09_11_43_45_912317,12.566666666666666,4.626633307722107,53.02361491747573,19.495510386025103,-21.1973579005988,-9.623873569523914,47.6938069066173,2.0,1.6568643941973398,0,0.3333333333333333,0.7666666666666667,4.6,2.433333333333333,17.835833885941646,8.852966632387682,108.05970371560014,108.05970371560014,15.78381796920331,900,0,900,-2,12.1,17.835833885941646,300,7.529899293611157,442,58.536927402810015,58.536927402810015,855.0,-167.41952975843893,-171.7887302220825,8.982022475184435,30.17509506131457,3,-1.8796806561883563,47.74746550299445,-0.087941211522251,0.0960785087500993,6,0.5,0.5,12.033333333333333,21.0,12.033333333333333,6.566666666666666,0.5,7.066666666666666,4.966666666666667,1,20,idm29,idm29_20,,,,,0.0,0.0,0.8927268504460859,0.0003852692422117,0.0554903958101082,0.0513974845015939,91.14703336761232,-8.059703715600133,-8.059703715600133,90.2238698296585,20.0,20.0,18.5,6.466666666666667,6.566666666666666,2,,10.3,11.0,,idm29_day2
2167,2167,day5,20230830,20231126,test,idm25_8033,male,55,11:23:00,31.0,25.0,1.0,0.192572212,,1,10:27:11,2023_11_26_11_23_00_515386,0.9666666666666667,4.671705866641733,133.3978775767509,13.099596865391362,-41.00858117369656,-8.804172443149833,157.76792965357657,1.0,2.5955181656362742,6,0.23333333333333334,2.2333333333333334,2.2333333333333334,6.166666666666667,20.015299910891912,114.98379217092175,116.07113752693965,115.39079121421862,27.290192378926978,900,0,364,-2,0.0,117.12160922994032,502,109.68006605108404,807,116.14227764423079,109.68006605108404,339.0,-176.26638870988455,-174.31606198730654,114.71306288337202,67.34893266157775,2,-2.874734361925008,94.12114377616255,0.1609493988726336,2.2685646990859505,4,0.0,0.0,0.4,21.0,0.4,20.0,,,,0,55,idm25,idm25_55,1.0,,,,1.0,1.0,0.0,0.998089147453192,0.0001612903225806,0.0017495622242277,-14.983792170921747,-16.07113752693965,-15.39079121421862,96.05583761604775,20.0,2.1333333333333333,1.3,0.9,0.4,1,0.4,0.4,1.0,,idm25_day5
3926,3926,day16,20240328,20240619,test,idm33_5_0933,male,15,14:00:08,9.0,14.0,1.0,0.197050672,,1,,2024_06_19_14_00_08_793595,0.9666666666666667,45.730329009205306,113.6318874625006,2.3049899713304165,-42.98747532364322,-11.948172149460987,127.0326777239835,1.0,0.8423129054252108,0,0.26666666666666666,0.03333333333333333,0.1,0.03333333333333333,23.31295493047497,115.49853832223513,115.49853832223513,115.49853832223513,26.929242930930872,362,49,362,-2,0.0,115.49853832223513,361,115.49853832223513,361,115.49853832223513,115.49853832223513,342.0,-158.8361945804687,-171.99690852449183,23.318891530327836,58.46717114878226,2,-2.044401900330393,91.55083616904867,-0.0820655032065373,0.5333581620650902,8,0.0,0.0,0.4666666666666667,21.0,0.4666666666666667,20.0,,,,1,15,idm33_5,idm33_5_15,,,,,1.0,1.0,0.0,0.9974663468666818,0.0,0.0025336531333186,-15.498538322235136,-15.498538322235136,-15.498538322235136,92.18558339176018,2.066666666666667,2.066666666666667,1.4,0.9333333333333333,0.4666666666666667,1,0.4666666666666667,0.4666666666666667,1.0,,idm33_5_day16
2132,2132,day4,20230830,20231125,test,idm25_8033,male,20,12:21:20,12.0,9.0,1.0,0.197050672,,0,11:33:12,2023_11_25_12_21_20_797201,0.9666666666666667,4.55770681493553,109.54079374710864,11.179210440942596,-33.86631566745377,-1.4013598271227123,429.8156128082731,0.0,3.003787737798615,2,0.3333333333333333,1.2,2.3,5.7,21.623342984551147,117.06920382957561,116.21613892572944,114.28758211414126,33.18368166005264,893,0,366,-2,0.0,117.38864856183687,420,113.03011542606102,868,116.63346397339191,113.03011542606102,339.0,179.01741784622942,176.47597367623206,116.86755532990716,63.93543858891577,1,-2.7604809905423995,91.86539991464792,-0.1747936453975672,0.4796824501714286,6,0.0,0.0,0.3333333333333333,21.0,0.3333333333333333,20.0,,,,0,20,idm25,idm25_20,1.0,,,,1.0,1.0,0.0,0.997324736425623,0.0001612903225806,0.0025139732517966,-17.069203829575603,-16.21613892572944,-14.287582114141248,94.59279594117831,19.766666666666666,2.2,1.3,0.9666666666666667,0.3333333333333333,1,0.3333333333333333,0.3333333333333333,1.0,,idm25_day4
4998,4998,day3,20240606,20240809,test,idm42_7393,male,12,11:59:09,12.0,8.0,1.0,0.197050672,,0,,2024_08_09_11_59_09_455725,0.9333333333333333,4.490086691547687,108.99822107566872,13.317537331689923,-14.807302902250788,0.6239660235047768,40.1789982498616,4.0,3.198853032371184,1,0.3,2.533333333333333,2.3333333333333335,5.433333333333334,18.370286207932693,116.64161192390583,115.67091009408156,111.33327764077698,28.28223491175782,900,0,377,-2,0.0,117.25562883372015,524,110.22267697281168,801,115.67347454202589,110.22267697281168,344.0,-174.84083464825238,-163.99425232311737,115.6555726230935,72.36596866697244,1,-5.641833510259642,92.67063648820873,0.069841868729384,0.7068979306301132,2,0.0,0.0,0.43333333333333335,21.0,0.43333333333333335,20.0,,,,0,12,idm42,idm42_12,,,,,1.0,1.0,0.0,0.998089147453192,0.0001612903225806,0.0017495622242277,-16.641611923905828,-15.670910094081556,-11.333277640776975,97.30062388614887,20.0,2.566666666666667,1.4666666666666666,1.0333333333333334,0.43333333333333335,1,0.43333333333333335,0.43333333333333335,1.0,,idm42_day3
2136,2136,day4,20230830,20231125,test,idm25_8033,male,24,12:33:03,14.0,11.0,1.0,0.197050672,,0,11:33:12,2023_11_25_12_33_03_919745,0.9333333333333333,4.759684069624357,123.31821218709293,6.085463289582368,-33.31018338613758,-7.791755909691741,72.45590555749493,3.0,3.6637398085657886,0,0.26666666666666666,1.4333333333333333,2.3666666666666667,7.066666666666666,21.73892835217382,116.27743570747681,115.4923234934516,114.98738498839523,29.43770285689863,900,0,362,-2,0.0,116.28613410767576,536,114.98738498839523,899,116.16225832020886,114.98738498839523,339.0,151.00707547830694,156.17733741943823,115.2055405027354,59.98867770982732,1,-2.707935552186714,93.19338722127819,-0.1746163914310264,0.642234367408896,4,0.0,0.0,0.4,21.0,0.4,20.0,,,,0,24,idm25,idm25_24,1.0,,,,1.0,1.0,0.0,0.9978510522150966,0.0001612903225806,0.0019876574623229,-16.2774357074768,-15.492323493451588,-14.987384988395226,93.75339514127778,20.0,2.066666666666667,1.3,0.9,0.4,1,0.4,0.4,1.0,,idm25_day4
2415,2415,day4,20231027,20240118,test,idm26_5_0873,male,27,12:47:45,10.0,13.0,1.0,0.197050672,,0,11:41:55,2024_01_18_12_47_45_790253,0.9333333333333333,27.79368929956969,88.63863288632389,8.021451855015737,-9.176591275463636,1.250106681332185,44.80796138249004,3.0,1.007000382041831,0,0.3,0.0,,0.0,21.04721530742291,119.0457803978637,119.0457803978637,119.0457803978637,23.77014500139879,406,0,406,-2,0.0,119.0457803978637,405,119.0457803978637,405,118.8102660898341,118.8102660898341,351.0,-159.8867492680969,178.44038786235248,21.601171842620605,52.62468864455943,2,,90.77016912404676,-0.1083717677155598,0.4124497030478268,0,0.0,0.0,0.4666666666666667,21.0,0.4666666666666667,20.0,,,,0,27,idm26_5,idm26_5_27,,,,,1.0,1.0,0.0,0.9964330135333485,0.0,0.0035669864666519,-19.045780397863687,-19.045780397863687,-19.045780397863687,97.99856509044078,3.533333333333333,3.533333333333333,1.7,1.2333333333333334,0.4666666666666667,1,0.4666666666666667,0.4666666666666667,1.0,,idm26_5_day4
2423,2423,day4,20231027,20240118,test,idm26_5_0873,male,35,13:16:14,14.0,19.0,1.0,0.192572212,,0,11:41:55,2024_01_18_13_16_14_552718,0.9333333333333333,4.644704040779564,87.38975096125341,1.8274225797662704,-25.2414788409232,-9.51685667503732,36.968267804458286,0.0,3.354041234561429,0,0.3333333333333333,5.1,0.1,12.133333333333333,21.367634983214526,113.3789774846651,112.681654871933,113.06629184281056,26.070891524499547,900,0,383,-2,0.0,113.4130457870524,518,112.77912720697945,585,112.69304853282493,112.614085554128,350.0,-163.52776239525858,-177.16375537651396,112.81282638428381,51.89894891878272,1,-2.6187665548440906,87.91747167234819,-0.0756768594369921,0.3066812944780197,10,0.0,0.0,0.43333333333333335,21.0,0.43333333333333335,20.0,,,,0,35,idm26_5,idm26_5_35,,,,,1.0,1.0,0.0,0.9967282162791028,0.0004112903225806,0.0028604933983168,-13.378977484665096,-12.681654871933,-13.066291842810559,91.31401988871849,20.0,2.7666666666666666,1.6666666666666667,1.2333333333333334,0.43333333333333335,1,0.43333333333333335,0.43333333333333335,1.0,,idm26_5_day4
2175,2175,day5,20230830,20231126,test,idm25_8033,male,63,12:26:40,37.0,31.0,1.0,0.197050672,,1,10:27:11,2023_11_26_12_26_40_521939,0.9,4.814426449973424,115.60220214963012,13.72722161914059,-12.090608835058292,-1.172949585117725,9.082394213258551,3.0,2.924652801162942,0,0.26666666666666666,1.2333333333333334,0.1,5.633333333333334,21.44730431837492,115.26894194504311,116.36674843542772,114.27590178768789,27.767742029488556,900,0,393,-2,0.0,117.10750476624669,486,111.41069892863064,768,116.38660606971155,111.41069892863064,344.0,169.43228309950248,168.22802110267634,116.32365275820625,47.89853760919397,1,-4.24996703825747,91.2955557016226,-0.0580320686529515,0.6163164867900067,2,0.0,0.0,0.3333333333333333,21.0,0.3333333333333333,20.0,,,,0,63,idm25,idm25_63,1.0,,,,1.0,1.0,0.0,0.998089147453192,0.0001612903225806,0.0017495622242277,-15.268941945043109,-16.366748435427716,-14.275901787687879,94.9194441170528,20.0,3.1,1.4666666666666666,1.1333333333333333,0.3333333333333333,1,0.3333333333333333,0.3333333333333333,1.0,,idm25_day5
2169,2169,day5,20230830,20231126,test,idm25_8033,male,57,11:28:49,33.0,27.0,1.0,0.197050672,,1,10:27:11,2023_11_26_11_28_49_156743,0.9,4.524414854193973,126.50008885647983,9.454438905132443,-37.13461478481564,-9.036656228112598,97.71718468179664,1.0,3.2743102387756653,1,0.3,2.1666666666666665,2.933333333333333,7.1,21.939897855966098,115.90716309888926,116.03192737690652,113.2554479408433,34.223253326011275,900,0,372,-2,0.0,117.19732390790783,459,111.79372642780173,832,116.1059129952752,111.79372642780173,338.0,-174.84471978265626,-177.28074811354338,115.87102122015915,60.63875628300103,1,-2.3312717219172447,91.37440049553425,-0.1005358304695118,0.9579051878555483,6,0.0,0.0,0.4,21.0,0.4,20.0,,,,0,57,idm25,idm25_57,1.0,,,,1.0,1.0,0.0,0.998089147453192,0.0001612903225806,0.0017495622242277,-15.907163098889248,-16.031927376906513,-13.25544794084329,94.09202952094043,20.0,2.4,1.2666666666666666,0.8666666666666667,0.4,1,0.4,0.4,1.0,,idm25_day5
2404,2404,day4,20231027,20240118,test,idm26_5_0873,male,16,12:16:11,6.0,8.0,1.0,0.067175348,,0,11:41:55,2024_01_18_12_16_11_826375,0.9,28.149866281127867,104.90300316978906,2.8867409057338165,-5.292898048114671,-0.2947543773718717,1.5949196031568544,2.0,1.276347719413654,0,0.36666666666666664,0.3333333333333333,2.8,0.3333333333333333,8.601168847526733,113.56990365619475,111.12714869653516,113.56990365619475,34.29279155377052,414,0,387,-2,0.6,113.56990365619475,413,113.56990365619475,413,111.30758869363396,111.30758869363396,347.0,-169.11875375640707,165.74910301128824,111.15582000165783,64.42267645547061,1,,100.64969151342578,-0.1457603058290065,0.3428809104796496,0,0.0,0.0,0.4,21.0,0.4,20.0,,,,0,16,idm26_5,idm26_5_16,,,,,1.0,1.0,0.0,0.9962519358391126,0.00025,0.0034980641608875,-13.569903656194748,-11.12714869653516,-13.569903656194748,102.52597984900842,3.8,2.9,1.5666666666666667,1.1666666666666667,0.4,1,0.4,0.4,1.0,,idm26_5_day4
2373,2373,day5,20231027,20240119,test,idm26_4_80C3,male,88,10:36:58,54.0,41.0,1.0,0.197050672,,1,09:20:38,2024_01_19_10_36_58_292524,0.4666666666666667,-0.0748517345270208,0.3056174589721099,8.604697981491224,-23.882944149386667,-8.650140731570435,55.74235968821247,1.0,6.538874880765186,4,0.03333333333333333,16.333333333333332,0.3333333333333333,19.5,21.239409186163382,20.418373816209385,20.398216888400754,20.398216888400754,0.0,900,0,900,-1,0.0,21.239409186163382,300,20.363669802718835,308,,,900.0,-175.0413361284513,-173.40791829521828,20.408360974542028,0.0,0,,0.0,0.0,,0,16.333333333333332,19.2,20.0,-0.03333333333333333,20.0,0.3333333333333333,16.333333333333332,19.7,,0,88,idm26_4,idm26_4_88,2.0,,,,1.0,2.0,0.0539421912428663,0.0,0.94423557684418,0.0018222319129537,79.58162618379062,79.60178311159925,79.60178311159925,-0.8411922977626274,20.0,20.0,20.0,0.0,0.3333333333333333,2,0.3333333333333333,10.3,11.0,,idm26_4_day5
2127,2127,day4,20230830,20231125,test,idm25_81A3,male,15,12:06:39,7.0,6.0,1.0,0.197050672,,0,11:33:12,2023_11_25_12_06_39_518554,0.5666666666666667,-0.2083799487009958,0.2082238930712146,16.21580515907354,-36.0429778626529,-18.44478390649981,131.55475667042384,1.0,6.495857726202792,7,0.03333333333333333,19.533333333333335,0.4666666666666667,19.533333333333335,18.53069388392117,15.32928806780504,15.331322141288133,15.331322141288133,0.0,900,140,900,-1,0.0,18.53069388392117,300,15.287950429739311,330,,,900.0,-179.36844180765263,-171.04221346076895,15.331322141288133,0.0,0,,0.0,0.0,,0,19.533333333333335,19.533333333333335,20.0,-0.03333333333333333,20.0,0.4666666666666667,19.533333333333335,20.0,,0,15,idm25,idm25_15,2.0,,,,1.0,2.0,0.0574068799293004,0.0,0.9409708881577457,0.0016222319129537,84.67071193219496,84.66867785871187,84.66867785871187,-3.1993717426330366,20.0,20.0,20.0,0.0,0.4666666666666667,2,0.4666666666666667,10.3,11.0,,idm25_day4
2377,2377,day5,20231027,20240119,test,idm26_4_80C3,male,92,10:44:47,57.0,42.0,1.0,0.197050672,,1,09:20:38,2024_01_19_10_44_47_722860,0.5,-0.2332238795827466,0.310357575035838,24.86572934903018,-34.05089078167932,-9.628909613329398,121.4189110238702,2.0,7.709151066659224,0,0.03333333333333333,19.6,0.4,19.6,18.217519097366132,15.18945992467258,15.177843547520864,15.177843547520864,0.0,900,0,900,-1,0.0,18.217519097366132,300,15.123222209414374,309,,,900.0,162.98800520521664,175.0855526946506,15.177843547520864,0.0,0,,0.0,0.0,,0,19.6,19.6,20.0,-0.03333333333333333,20.0,0.4,19.6,20.0,,0,92,idm26_4,idm26_4_92,2.0,,,,1.0,2.0,0.0584447587171792,0.0,0.9399330093698668,0.0016222319129537,84.81054007532742,84.82215645247913,84.82215645247913,-3.039675549845269,20.0,20.0,20.0,0.0,0.4,2,0.4,10.3,11.0,,idm26_4_day5
2384,2384,day5,20231027,20240119,test,idm26_4_80C3,male,99,11:00:50,63.0,45.0,1.0,0.192572212,,1,09:20:38,2024_01_19_11_00_50_102234,0.4666666666666667,-0.1597235439907837,0.285603840041179,17.396023841180565,-34.01456068964076,-7.873969676087657,131.27787917536253,1.0,7.097902723179213,0,0.03333333333333333,17.366666666666667,0.5666666666666667,19.066666666666666,18.056489737027523,16.148379217092174,16.074275953594718,16.074275953594718,0.0,900,0,900,-1,0.0,18.056489737027523,300,16.04331278105313,757,,,900.0,174.31217422748873,-177.94870595496388,16.074275953594718,0.0,0,,0.0,0.0,,0,1.7,4.833333333333333,20.0,-0.03333333333333333,20.0,0.5666666666666667,1.7,11.566666666666666,,0,99,idm26_4,idm26_4_99,2.0,,,,1.0,2.0,0.0689749604699976,0.0,0.9294028076170484,0.0016222319129537,83.85162078290783,83.92572404640528,83.92572404640528,-1.982213783432803,20.0,20.0,20.0,0.0,0.5666666666666667,2,0.5666666666666667,10.3,11.0,,idm26_4_day5
2382,2382,day5,20231027,20240119,test,idm26_4_80C3,male,97,10:57:04,61.0,45.0,1.0,0.197050672,,1,09:20:38,2024_01_19_10_57_04_206217,14.6,-0.2101893862563318,2.7969595421379547,7.98641924856499,-30.573625832478456,-7.928767205127774,82.93596930437315,0.0,2.3569480233922584,3,0.06666666666666667,9.833333333333334,0.3,11.766666666666667,19.97949348267573,19.14465218703374,16.268190743120023,16.268190743120023,0.07664671880180463,900,0,900,-1,0.0,19.97949348267573,300,16.268190743120023,899,,,900.0,-174.23372328467207,177.9183377979118,19.15669133112981,0.0,0,,0.0,0.0,,0,9.833333333333334,10.466666666666667,20.0,-0.03333333333333333,20.0,0.3,9.833333333333334,18.066666666666666,,0,97,idm26_4,idm26_4_97,2.0,,,,1.0,2.0,0.0753734474172051,0.0,0.9225014532863288,0.0021250992964662,80.85534781296627,83.73180925687998,83.73180925687998,-3.7113027395557054,20.0,20.0,20.0,0.0,0.3,2,0.3,10.3,11.0,,idm26_4_day5
2369,2369,day5,20231027,20240119,test,idm26_4_80C3,male,84,10:22:35,52.0,39.0,1.0,0.192572212,,1,09:20:38,2024_01_19_10_22_35_508997,0.4,-0.1064603080716651,1.52293969372588,18.12875275635751,-36.63176767244398,-9.340707276435564,164.08542155085993,3.0,6.996962623517623,24,0.13333333333333333,13.2,0.3,18.033333333333335,18.372561345998427,17.289771446814903,17.319694809108366,17.319694809108366,0.1172671533073596,900,0,900,-1,0.0,18.372561345998427,300,16.83306415264423,306,,,900.0,178.3190936781154,-178.25247487065843,17.29110175418601,0.0,0,,0.0,0.0,,0,13.2,13.2,20.0,-0.03333333333333333,20.0,0.6,13.2,13.8,,0,84,idm26_4,idm26_4_84,2.0,,,,1.0,2.0,0.0790749507875329,0.0,0.9193028172995134,0.0016222319129537,82.71022855318509,82.68030519089164,82.68030519089164,-1.0528665368900603,20.0,20.0,20.0,0.0,0.6,2,0.6,10.3,11.0,,idm26_4_day5
2917,2917,day2,20240205,20240409,test,idm29_B253,male,92,18:57:39,27.0,18.0,0.45,0.197050672,,4,,2024_04_09_18_57_39_604101,12.1,-0.3884373396339846,2.403549062336341,7.587970804192883,-4.259721319478606,-0.2384056325272673,0.8335762764129515,1.0,2.153483523717429,0,0.16666666666666666,2.2,0.3,6.8,21.188080562520728,18.06401486991255,14.59575325909386,14.59575325909386,0.3200979865198134,900,0,900,-1,6.833333333333333,21.188080562520728,300,14.372397668165616,763,,,900.0,-159.258591551054,-172.34086279635298,18.712331109084882,0.0,0,,0.0,0.0,,0,2.2,4.8,20.0,-0.03333333333333333,20.0,1.6333333333333333,2.2,10.866666666666667,,0,92,idm29,idm29_92,2.0,,,,1.0,2.0,0.0911142317946276,0.0,0.904833934449734,0.0040518337556387,81.93598513008746,85.40424674090615,85.40424674090615,-6.592327303426868,20.0,20.0,20.0,0.0,1.6333333333333333,2,1.6333333333333333,10.3,11.0,,idm29_day2
3334,3334,day2,20240205,20240411,test,idm30_AEC3,male,60,16:51:27,24.0,16.0,0.45,0.152266078,,2,,2024_04_11_16_51_27_843234,0.0,0.1411560495281576,9.471319204449758,5.734983345984945,-0.6257496555652889,0.1136587053791297,0.7825822137583717,1.0,1.9220586127004693,12,0.03333333333333333,3.1333333333333333,0.6,9.033333333333333,16.907072436588198,15.751368029364224,17.774602078843394,17.774602078843394,0.0,900,0,900,-1,0.0,17.162218169761275,304,15.738234137982838,433,,,900.0,-111.3019782168138,-158.98074401286232,15.779556719630719,0.0,0,,0.0,0.0,,0,3.1333333333333333,6.333333333333333,20.0,-0.03333333333333333,20.0,2.7333333333333334,3.1333333333333333,18.266666666666666,,0,60,idm30,idm30_60,2.0,,,,1.0,2.0,0.0967053968399325,0.0,0.8996516341016155,0.0036429690584522,84.24863197063577,82.22539792115661,82.22539792115661,0.8675296422551949,20.0,20.0,20.0,0.0,2.7333333333333334,2,2.7333333333333334,10.3,11.0,,idm30_day2
2954,2954,day3,20240205,20240410,test,idm29_B853,male,129,13:09:53,16.0,11.0,0.25,0.197050672,,7,,2024_04_10_13_09_53_975718,15.566666666666666,-0.433989575987913,5.533732359400416,11.985188463011896,-14.122979829148637,-3.743968298310539,19.174518645537045,3.0,2.202478759117828,4,0.16666666666666666,2.2,1.5333333333333334,7.033333333333333,20.53004370570499,21.076185636242126,10.493661356014451,10.493661356014451,0.1611890716957477,900,0,900,-1,11.033333333333333,21.094634119332316,528,10.084354876207104,717,,,900.0,-145.27572702783573,-162.1003740527899,20.828381282897467,0.0,0,,0.0,0.0,,0,2.2,4.033333333333333,20.0,-0.03333333333333333,20.0,2.9,1.3666666666666667,18.8,,0,129,idm29,idm29_129,2.0,,,,1.0,2.0,0.0966961832062965,0.0,0.8987972211333032,0.0045065956604006,78.92381436375788,89.50633864398556,89.50633864398556,-10.036382349690538,20.0,20.0,20.0,0.0,2.9,2,2.9,10.3,11.0,,idm29_day3
1900,1900,day3,20230707,20230920,test,idm22_B4F3,male,108,21:08:11,19.0,17.0,0.75,0.197050672,,4,19:15:17,2023_09_20_21_08_11_972224,15.366666666666667,0.0251344848905662,3.850955420650762,4.9296964867794415,-36.31746708130957,-8.77513344525119,113.09613924658488,1.0,2.210498387288509,10,0.13333333333333333,8.433333333333334,0.6333333333333333,12.1,21.222931960533405,19.760613803205818,20.493967071452257,20.493967071452257,0.10670418574892422,900,0,900,-1,0.0,21.222931960533405,300,19.286089100319135,320,,,900.0,123.05063353717952,145.83150148858402,19.719922619726045,0.0,0,,0.0,0.0,,0,8.433333333333334,9.566666666666666,20.0,-0.03333333333333333,20.0,1.3666666666666667,8.433333333333334,19.6,,0,108,idm22,idm22_108,0.0,,,,1.0,2.0,0.100701368374287,0.0,0.8968794146821879,0.0024192169435251,80.23938619679419,79.50603292854775,79.50603292854775,-0.7289648890811493,20.0,20.0,20.0,0.0,1.3666666666666667,2,1.3666666666666667,10.3,11.0,,idm22_day3
5119,5119,day3,20240606,20240821,test,idm43_7FC3,male,79,14:45:52,13.0,11.0,1.0,0.197050672,,3,,2024_08_21_14_45_52_930462,3.966666666666667,4.818710473079531,74.32216112208485,15.150450282654438,-18.61274217956009,-6.085186720563774,34.15645118141444,2.0,2.811539022370634,0,0.6333333333333333,1.6666666666666667,0.36666666666666664,5.2,19.294474715579412,112.24621549651857,112.0701454223309,115.37547360259173,43.49430535516309,900,0,483,-2,0.0,112.24621549651857,539,111.99733193799734,579,112.07238089563991,111.71546672952587,443.0,169.6388179545646,174.1665589975585,17.729735680537136,50.312393843705344,1,-3.243868632829969,92.81674380517448,-0.1286229216789335,0.2295676819511429,6,1.6666666666666667,2.066666666666667,3.4,21.0,3.4,0.36666666666666664,0.4,2.8333333333333335,0.5666666666666667,0,79,idm43,idm43_79,,,,,1.0,3.0,0.0091957219088924,0.0010663838104005,0.0011158036733658,0.9886220906073412,-12.246215496518573,-12.070145422330897,-15.375473602591725,92.7756707067515,20.0,6.1,4.766666666666667,1.3666666666666667,0.36666666666666664,2,0.36666666666666664,3.4,5.0,,idm43_day3
4320,4320,day3,20240414,20240626,test,idm37_9AA3,male,31,12:46:28,12.0,10.0,1.0,0.058218429,,2,,2024_06_26_12_46_28_915587,2.6666666666666665,5.362003910530048,78.81486528184294,6.082032840130838,-1.5104007579784455,-0.2026283900437002,0.226788806360063,4.0,2.4637490363620693,0,0.4,1.2333333333333334,0.0,4.3,8.233030445695873,106.25336939966014,105.71027825555375,111.99641624875666,28.69496709282266,900,0,439,-2,2.3333333333333335,106.4013101997679,499,105.46145103717673,512,105.90542173512102,105.46145103717673,416.0,140.25099254875144,142.82757591426633,8.383913156524578,48.77404771713967,1,,95.77319813533549,-0.0936169818442935,0.2806565452444309,0,1.2,1.2,2.1333333333333333,21.0,2.1333333333333333,0.03333333333333333,1.2,1.2333333333333334,0.9,0,31,idm37,idm37_31,,,,,1.0,3.0,0.0086557780072464,0.0010663838104005,0.0019491370066991,0.9883287011756536,-6.253369399660139,-5.710278255553735,-11.996416248756656,97.47724780985787,20.0,4.633333333333334,3.8666666666666667,1.7333333333333334,0.03333333333333333,2,0.03333333333333333,2.1333333333333333,3.0,,idm37_day3
4315,4315,day3,20240414,20240626,test,idm37_9AA3,male,26,12:36:58,7.0,6.0,1.0,0.197050672,,2,,2024_06_26_12_36_58_559199,4.033333333333333,4.824467564200287,74.59616577031831,6.33717720856085,-32.6448280072731,-7.974404899814924,56.59975435689184,1.0,2.791740104064674,1,0.5666666666666667,2.3,0.36666666666666664,8.3,20.622831066344087,117.41697275986404,112.51665077917772,115.75189052483974,38.43518195923823,900,0,457,-2,0.0,117.42557531705901,535,115.41711522919431,710,116.8853769479443,115.41711522919431,438.0,176.7933416698471,-169.6466233469327,115.67143204990053,47.72352898751295,1,-2.394329006078518,90.32522498590109,-0.0854160315920043,0.1455440286305261,6,1.0666666666666667,1.0666666666666667,3.2333333333333334,21.0,3.2333333333333334,1.1,1.0666666666666667,2.1666666666666665,1.0666666666666667,0,26,idm37,idm37_26,,,,,1.0,3.0,0.0086638070152754,0.0020663838104005,0.0011158036733658,0.988154005500958,-17.416972759864034,-12.516650779177715,-15.751890524839736,91.89381971283363,20.0,5.233333333333333,4.6,1.3666666666666667,1.1,2,1.1,3.2333333333333334,5.0,,idm37_day3
4262,4262,day3,20240414,20240621,test,idm36_99F3,male,78,15:08:43,14.0,13.0,1.0,0.197050672,,3,,2024_06_21_15_08_43_743001,3.2333333333333334,4.865188488111406,96.5182410219887,10.312828192823112,-27.506466141761944,-7.632836410901606,72.84731258662822,2.0,3.082547315917893,0,0.3333333333333333,4.933333333333334,1.0333333333333334,7.933333333333334,19.424113225557445,114.48010480562003,115.90922242829907,115.94206117719388,28.78407995896883,900,0,457,-2,0.0,115.92864229318634,457,114.31715472523736,842,115.92864229318634,114.31715472523736,417.0,172.44371715747272,167.63721723461452,114.8630520038959,55.33888888134083,1,-2.77088421646514,95.45772416901524,-0.1483291734566217,0.4879497149474162,6,1.4,1.4,2.7666666666666666,21.0,2.7666666666666666,1.0333333333333334,1.4,2.433333333333333,0.3333333333333333,0,78,idm36,idm36_78,,,,,1.0,3.0,0.0099100076231781,0.0015663838104005,0.0011158036733658,0.9874078048930554,-14.480104805620023,-15.909222428299064,-15.942061177193871,96.48510920274163,20.0,5.233333333333333,3.9,1.1333333333333333,1.0333333333333334,2,1.0333333333333334,2.7666666666666666,4.0,,idm36_day3
3995,3995,day3,20240328,20240614,test,idm34_0AA3,male,24,11:17:11,6.0,8.0,0.25,0.197050672,,1,,2024_06_14_11_17_11_931177,5.733333333333333,4.663428944732394,76.61073032955389,9.080734499437202,-25.54690798720512,-9.108268992043458,55.34442518466062,1.0,2.747724827570221,1,0.6333333333333333,1.4333333333333333,0.5666666666666667,5.6,19.50382983463196,115.89732235369698,115.88125828912467,115.71451607054048,45.211388099731124,900,0,533,-2,0.0,115.89732235369698,539,112.42982608380308,765,115.91287611903185,112.42982608380308,492.0,155.29567734091594,152.88124066957255,18.804515727318883,52.09887514469148,1,-2.6881857871108643,92.24809382512021,-0.0905747591935669,0.1742213377346935,6,0.4,0.4,5.1,21.0,5.1,0.5666666666666667,0.4,0.9666666666666667,4.133333333333334,0,24,idm34,idm34_24,,,,,1.0,3.0,0.0098633411767661,0.0020663838104005,0.0011158036733658,0.9869544713394676,-15.89732235369698,-15.881258289124665,-15.714516070540476,96.3774284544927,20.0,7.766666666666667,6.4,1.3,0.5666666666666667,2,0.5666666666666667,5.1,7.0,,idm34_day3
5855,5855,day3,20230126,20230408,habituate,idm6_E36E,male,149,10:27:11,21.0,37.0,1.0,0.197373882,,5,9:28:22,2023_04_08_10_27_11_667163,3.9,4.468819331764011,78.73219671885845,18.042074475721144,-26.225530981062963,-8.297272150162353,61.44382583883745,3.0,1.9134951894404608,3,0.36666666666666664,0.4,0.13333333333333333,1.9,21.963722289715268,110.33611105354775,115.76755869736407,111.13283732420147,25.896888307930617,900,0,493,635,0.0,115.77303081482097,493,93.04929827378979,755,115.73876176019563,93.04929827378979,441.0,177.85699061337627,-169.02074961666017,22.177847217185427,48.58659867526996,2,-2.3298032389649475,84.3153612050833,-0.1671052333971464,0.2476303909787158,8,0.36666666666666664,0.36666666666666664,3.4,21.0,3.4,0.7,0.36666666666666664,1.0666666666666667,2.3333333333333335,0,149,idm6,idm6_149,,,,,1.0,3.0,0.0100668137799843,0.0010663838104005,0.0019491370066991,0.9869176654029156,-10.336111053547747,-15.767558697364064,-11.132837324201473,93.80383640764879,20.0,6.433333333333334,4.7,1.3,0.7,2,0.7,3.4,5.0,,idm6_day3
5671,5671,day6,20230104,20230316,test,idm5_E4AE,male,150,12:16:00,18.0,6.0,0.5,0.197843037,,0,10:07:06,2023_03_16_12_16_00_065177,5.3,4.974245080256865,87.86375361923317,14.426475944238556,-41.08622842929943,-9.930926362303802,144.6362356386926,1.0,2.7609632272833347,2,0.5,1.7,1.8333333333333333,5.033333333333333,15.950761466190734,111.10309987359088,111.39162617083888,114.41378835447061,40.52893131165037,900,0,517,-2,4.8,111.3927711061837,517,109.95991949187666,840,111.3927711061837,109.95991949187666,485.0,176.6018811624442,-178.2664106404804,110.6207414622016,53.24891850388587,1,-2.0322610528896874,99.22918684982177,-0.088640091776733,0.3977004133022896,6,1.0333333333333334,1.0333333333333334,4.733333333333333,21.0,4.733333333333333,2.966666666666667,1.0333333333333334,4.0,0.7333333333333333,0,150,idm5,idm5_150,,,,,1.0,3.0,0.0109447066198336,0.0010663838104005,0.0011158036733658,0.9868731058963998,-11.103099873590878,-11.391626170838865,-14.41378835447061,95.44086470464813,20.0,7.233333333333333,6.166666666666667,1.4333333333333333,2.966666666666667,2,2.966666666666667,4.733333333333333,6.0,,idm5_day6
3491,3491,day4,20240205,20240418,test,idm31_0BE3,male,110,11:09:55,35.0,26.0,0.6,0.062696889,,4,,2024_04_18_11_09_55_078261,3.4,5.330481708479136,87.98133569283864,10.851740334764576,-32.39604964546043,-10.36071339363085,123.77991465653145,1.0,2.6403391868200354,2,0.6,1.0666666666666667,1.2,3.3,7.09475274933428,116.76211766412467,116.2635546615965,115.92889355727783,48.68919060906934,900,0,474,-2,2.9,117.000474034317,524,110.77823224055041,693,116.26051747451096,110.77823224055041,419.0,62.21613510016262,86.66860090379701,116.23920341511938,64.27281844756402,1,-2.810478543646327,105.68719288145513,-0.1521492645942738,0.1430422883519424,4,0.36666666666666664,0.36666666666666664,2.6333333333333333,21.0,2.6333333333333333,1.2,0.36666666666666664,1.5666666666666667,1.0666666666666667,0,110,idm31,idm31_110,,,,,1.0,3.0,0.0104594581726287,0.0020663838104005,0.0011158036733658,0.9863583543436047,-16.762117664124673,-16.263554661596494,-15.928893557277828,109.16880191226223,20.0,5.8,3.966666666666667,1.3333333333333333,1.2,2,1.2,2.6333333333333333,4.0,,idm31_day4
4327,4327,day3,20240414,20240626,test,idm37_9AA3,male,38,13:00:41,19.0,21.0,1.0,0.062696889,,2,,2024_06_26_13_00_41_289479,5.666666666666667,4.738036699083282,81.75950836286177,9.72809985510835,-18.38786024738577,-2.704465608779137,24.918194212630933,1.0,2.512815060634222,1,0.43333333333333335,1.3666666666666667,0.13333333333333333,5.066666666666666,8.572714322441769,112.51198814655173,112.26186251450595,101.8966186415506,31.96171889570727,900,0,522,-2,5.4,112.51685412176725,537,101.8966186415506,899,112.51685412176725,101.8966186415506,503.0,138.8775113020842,153.85602044020928,8.619974232478862,47.27186224221019,1,-3.118287461673154,104.32012214964202,-0.1603479283188238,0.3615236915494781,4,1.3666666666666667,1.3666666666666667,5.166666666666667,21.0,5.166666666666667,0.8333333333333334,1.3666666666666667,2.2,2.966666666666667,0,38,idm37,idm37_38,,,,,1.0,3.0,0.0108058616192865,0.0010663838104005,0.0019491370066991,0.9861786175636136,-12.51198814655172,-12.261862514505944,-1.896618641550599,103.68914819206418,20.0,7.4,6.766666666666667,1.6,0.8333333333333334,2,0.8333333333333334,5.166666666666667,7.0,,idm37_day3
3823,3823,day16,20240328,20240619,test,idm33_3_90A3,male,40,10:41:28,25.0,21.0,1.0,0.197050672,,1,,2024_06_19_10_41_28_854242,2.7,5.023406138350593,67.60387673369566,12.535425990424889,-28.19825972733961,-9.961955952362128,86.43845151142733,1.0,2.1480822559453148,0,0.43333333333333335,1.2333333333333334,0.3,5.7,18.67416810862898,116.72558334714854,111.68196441893238,115.73505539898319,26.523720900639294,900,0,474,-2,0.0,116.72762454409813,536,114.07159860949935,868,111.00317188536141,111.00317188536141,416.0,-164.80899836693536,-172.32917098940018,114.68837294844165,45.813427325314514,2,-2.3504864542878043,82.19364763254829,-0.0880549530577075,0.1440030590563331,4,0.6333333333333333,0.6333333333333333,2.2,21.0,2.2,0.3,0.6333333333333333,0.9333333333333333,1.2666666666666666,0,40,idm33_3,idm33_3_40,,,,,1.0,3.0,0.010547873655781,0.0020663838104005,0.0012473826207342,0.986138359913084,-16.725583347148536,-11.68196441893237,-15.735055398983185,93.0077963103034,20.0,5.8,3.8666666666666667,1.6666666666666667,0.3,2,0.3,2.2,3.0,,idm33_3_day16
