,mice_id,num_stim,condition,decision_score,duration_reward,max_instance_speed2safezone,distance_under_threat,latency_to_first_escape,latent1D,change_trial
40,idm38_8EF3,1,sucrose_low,2,0.0,79.65689325,92.23657809,6.4,104.79588049883981,4
41,idm38_8EF3,2,sucrose_low,0,10.53333333,32.39802322,-13.20374276,13.5,-7.186540934974973,4
42,idm38_8EF3,3,sucrose_low,0,11.83333333,27.35415435,-11.35606008,12.5,-9.000193958670673,4
43,idm38_8EF3,4,sucrose_low,0,19.8,2.532150509,-9.34975832,20.0,-24.922355595606835,4
44,idm38_8EF3,5,sucrose_low,0,17.73333333,4.277699978,-11.22940428,20.0,-24.961033144648827,4
45,idm38_8EF3,6,sucrose_low,0,7.6,47.38297669,4.92681905,7.633333333,17.01047307240486,4
46,idm38_8EF3,7,sucrose_low,0,19.66666667,1.56093949,-8.38512366,20.0,-24.773020964491895,4
47,idm38_8EF3,8,sucrose_low,0,18.53333333,6.205928678,-10.75104456,20.0,-23.515760428676167,4
48,idm38_8EF3,9,sucrose_low,0,20.0,5.729812517,-6.775427214,20.0,-21.004247464661432,4
49,idm38_8EF3,10,sucrose_low,0,14.66666667,57.78065932,-5.75971827,14.4,13.556798920486132,4
30,idm38_8F63,1,sucrose_low,2,3.8,39.64210943,72.62452791,3.9,66.67461224697479,3
31,idm38_8F63,2,sucrose_low,2,5.066666667,45.72190021,70.62155095,5.233333333,66.09898413267673,3
32,idm38_8F63,3,sucrose_low,0,13.06666667,48.8976894,-10.38892622,13.63333333,-11.377995423192088,3
33,idm38_8F63,4,sucrose_low,1,19.8,2.016514562,-6.663402446,20.0,-22.895715414588402,3
34,idm38_8F63,5,sucrose_low,0,5.933333333,40.60387529,-5.337507739,2.8,-6.246320759318254,3
35,idm38_8F63,6,sucrose_low,0,19.53333333,3.640452671,-11.95147268,20.0,-27.37527150336544,3
36,idm38_8F63,7,sucrose_low,0,14.3,35.00071523,-6.82891619,14.66666667,-12.255454925938194,3
37,idm38_8F63,8,sucrose_low,0,18.06666667,36.48949218,-7.761789985,17.73333333,-13.746871051576866,3
38,idm38_8F63,9,sucrose_low,0,19.96666667,1.869430815,-7.420746335,20.0,-23.692262352941597,3
39,idm38_8F63,10,sucrose_low,0,16.13333333,37.21946297,-10.10517976,16.0,-15.183704948730696,3
10,idm38_9053,1,sucrose_low,2,1.433333333,72.35431079,93.73396767,1.866666667,-49.01395802994623,6
11,idm38_9053,2,sucrose_low,2,3.133333333,77.01616291,94.23590525,3.6,-50.86956009262214,6
12,idm38_9053,3,sucrose_low,0,17.63333333,20.39282726,-10.97069584,17.83333333,69.77328957782481,6
13,idm38_9053,4,sucrose_low,2,0.0,82.64866947,95.057024,1.866666667,-54.30760133150442,6
14,idm38_9053,5,sucrose_low,2,4.266666667,70.3377523,97.877144,4.2,-51.4462570464602,6
15,idm38_9053,6,sucrose_low,0,7.433333333,57.43468962,12.96846004,7.3,31.54429304329355,6
16,idm38_9053,7,sucrose_low,0,18.5,10.86801974,-10.94244182,20.0,73.71307082194227,6
17,idm38_9053,8,sucrose_low,2,0.7,51.93621022,76.38382646,4.666666667,-25.20052413187306,6
18,idm38_9053,9,sucrose_low,2,6.7,55.18172897,42.73426944,6.766666667,5.119923140698386,6
19,idm38_9053,10,sucrose_low,2,8.7,58.84984256,-8.333585056,8.8,50.687324048646865,6
0,idm38_9433,1,sucrose_low,2,1.433333333,41.21817545,100.3920314,1.533333333,66.22012374655536,4
1,idm38_9433,2,sucrose_low,2,0.0,54.00553629,17.43556064,7.466666667,-16.335066481385375,4
2,idm38_9433,3,sucrose_low,2,0.0,60.27670924,29.50232144,7.333333333,-4.323904378061719,4
3,idm38_9433,4,sucrose_low,0,10.9,51.94456075,0.014729224,9.266666667,-34.81240496089714,4
4,idm38_9433,5,sucrose_low,0,11.83333333,61.94625074,-12.81472859,12.63333333,-47.87383288066327,4
5,idm38_9433,6,sucrose_low,2,7.933333333,68.53902319,8.074288447,7.666666667,-26.25391008631283,4
6,idm38_9433,7,sucrose_low,2,2.8,61.58409331,81.01271053,2.9,46.901421282416415,4
7,idm38_9433,8,sucrose_low,0,20.0,7.56879583,-5.234219498,20.0,-42.22235864623772,4
8,idm38_9433,9,sucrose_low,2,2.933333333,44.8512798,104.0212421,2.633333333,69.59391222751076,4
9,idm38_9433,10,sucrose_low,2,5.566666667,53.23527692,23.32982929,6.3,-10.893979822924464,4
20,idm38_94C3,1,sucrose_low,2,0.0,82.96205429,89.87342588,3.1,89.08585414308367,3
21,idm38_94C3,2,sucrose_low,2,7.7,84.55170537,-6.913710941,8.166666667,3.4718446070372826,3
22,idm38_94C3,3,sucrose_low,0,8.166666667,67.84564519,-8.380989864,8.3,-5.326448796852868,3
23,idm38_94C3,4,sucrose_low,0,19.3,44.29658636,-10.99674652,19.36666667,-21.27239718603419,3
24,idm38_94C3,5,sucrose_low,1,13.7,60.6593144,-7.542526367,13.73333333,-9.361021879988128,3
25,idm38_94C3,6,sucrose_low,0,13.53333333,64.66051199,-9.722767716,17.46666667,-9.996596827310764,3
26,idm38_94C3,7,sucrose_low,0,5.333333333,39.54736413,40.69563694,5.1,25.833730011702894,3
27,idm38_94C3,8,sucrose_low,0,16.56666667,49.47537128,0.401221561,16.33333333,-8.19739444416386,3
28,idm38_94C3,9,sucrose_low,0,12.26666667,21.86245583,-7.439336316,14.06666667,-26.292134632315026,3
29,idm38_94C3,10,sucrose_low,0,19.76666667,3.244277616,-9.088875282,20.0,-37.94543499515906,3
130,idm39_7963,1,no_low,2,2.166666667,78.92876135,97.22221549,1.9,-27.60672264825571,8
131,idm39_7963,2,no_low,2,4.533333333,100.1025879,95.79140863,4.433333333,-30.481696804141883,8
132,idm39_7963,3,no_low,2,3.833333333,91.67261444,99.49797637,3.833333333,-32.36761310000898,8
133,idm39_7963,4,no_low,2,0.0,89.70411722,95.16612005,5.766666667,-27.72427862081742,8
134,idm39_7963,5,no_low,2,0.0,83.32142125,96.35459192,2.533333333,-27.71335999786243,8
135,idm39_7963,6,no_low,2,3.866666667,93.13232171,99.50705822,4.033333333,-32.67304302706887,8
136,idm39_7963,7,no_low,2,0.0,82.25822195,97.73415239,5.566666667,-28.666308224202034,8
137,idm39_7963,8,no_low,2,3.4,61.74714071,12.54416549,7.4,58.960105515606635,8
138,idm39_7963,9,no_low,2,0.0,69.583426,-0.850051354,9.866666667,70.41187083808525,8
139,idm39_7963,10,no_low,0,10.46666667,70.47073646,-8.312556502,10.86666667,77.86104606866535,8
120,idm39_7B53,1,no_low,2,7.733333333,67.29564214,13.57991758,7.566666667,42.80645898086023,5
121,idm39_7B53,2,no_low,2,2.066666667,56.96717931,91.4122176,1.766666667,-35.211434746865706,5
122,idm39_7B53,3,no_low,2,0.0,74.00278542,92.97409665,5.833333333,-36.94679299203678,5
123,idm39_7B53,4,no_low,2,4.866666667,62.85134792,17.95215734,4.966666667,38.28870281344459,5
124,idm39_7B53,5,no_low,2,3.6,55.24289352,92.73518133,1.733333333,-36.4437068473415,5
125,idm39_7B53,6,no_low,2,0.0,42.3708638,71.07473779,5.266666667,-14.739046994988762,5
126,idm39_7B53,7,no_low,2,4.533333333,66.20478729,63.27372746,5.633333333,-7.000509135755976,5
127,idm39_7B53,8,no_low,2,3.766666667,62.31771072,94.21350211,3.666666667,-37.939251510001405,5
128,idm39_7B53,9,no_low,2,7.366666667,57.25508616,5.090803151,7.2,51.36930294957999,5
129,idm39_7B53,10,no_low,2,2.0,51.16099041,20.34140784,1.766666667,35.816277483105424,5
100,idm39_8D53,1,no_low,2,5.0,42.76173295,92.53622542,2.666666667,-29.075518482532008,4
101,idm39_8D53,2,no_low,2,4.1,72.05700117,100.6166366,4.133333333,-39.15332911627434,4
102,idm39_8D53,3,no_low,2,3.833333333,59.86618069,91.881053,5.366666667,-29.55607426830361,4
103,idm39_8D53,4,no_low,2,6.366666667,57.36099562,53.26345752,6.666666667,9.166767990642814,4
104,idm39_8D53,5,no_low,2,3.666666667,55.73782767,-9.688287629,8.2,72.09077546179364,4
105,idm39_8D53,6,no_low,2,0.866666667,49.53796684,23.02758627,1.3,39.72198462316258,4
106,idm39_8D53,7,no_low,2,1.133333333,50.77885636,73.75909124,0.966666667,-10.962964955097132,4
107,idm39_8D53,8,no_low,2,3.533333333,52.38346523,11.37150335,3.133333333,51.196845535973814,4
108,idm39_8D53,9,no_low,3,0.4,65.20705481,108.6253088,0.233333333,-46.767064739032904,4
109,idm39_8D53,10,no_low,2,3.666666667,49.69976921,79.61718119,3.466666667,-16.661422050332845,4
110,idm39_8F93,1,no_low,2,3.366666667,31.58253621,72.09559473,3.2,57.54890219757843,4
111,idm39_8F93,2,no_low,2,4.966666667,30.39567037,5.749070388,4.866666667,-8.550037490668943,4
112,idm39_8F93,3,no_low,2,3.633333333,26.0667587,61.38239675,4.1,46.70333610307159,4
113,idm39_8F93,4,no_low,1,2.166666667,31.85409989,1.666762618,13.46666667,-13.286674633349746,4
114,idm39_8F93,5,no_low,0,14.2,18.54848368,-10.04359562,14.3,-26.13030619769649,4
115,idm39_8F93,6,no_low,1,3.4,28.35924992,-3.356079263,11.6,-18.22915258289002,4
116,idm39_8F93,7,no_low,0,10.6,30.68660827,-6.335157157,10.9,-21.597377558597486,4
117,idm39_8F93,8,no_low,0,4.733333333,31.27252861,20.68509713,5.966666667,6.144820332020132,4
118,idm39_8F93,9,no_low,1,8.5,30.88042433,2.780489246,6.833333333,-11.960766500735442,4
119,idm39_8F93,10,no_low,2,9.166666667,33.93380879,4.132865278,7.333333333,-10.642743668732004,4
222,idm40_07D3,1,water_low,0,8.766666667,36.33696277,-12.17129266,9.466666667,-6.867842733378309,8
223,idm40_07D3,2,water_low,1,13.0,22.48195272,-8.197032251,20.0,9.074171990461101,8
224,idm40_07D3,3,water_low,2,6.833333333,40.48669684,-1.532804373,7.666666667,-12.97295152998694,8
225,idm40_07D3,4,water_low,0,13.2,39.30886506,-11.77198039,14.0,-7.475886976129002,8
226,idm40_07D3,5,water_low,2,6.533333333,34.29196078,-0.219595912,8.2,-7.320768066021317,8
227,idm40_07D3,6,water_low,0,13.36666667,13.98037912,-11.50177148,7.866666667,14.625712275894292,8
228,idm40_07D3,7,water_low,2,8.666666667,40.88832705,-9.491052602,8.733333333,-11.685241068453823,8
229,idm40_07D3,8,water_low,0,9.2,28.99588225,-7.197699509,9.5,-0.5148505492840293,8
230,idm40_07D3,9,water_low,0,18.86666667,4.387281282,-10.77067449,20.0,27.726754358876377,8
231,idm40_07D3,10,water_low,0,8.933333333,34.07570441,-10.97585088,10.63333333,-4.589097701978302,8
202,idm40_72F3,1,water_low,2,0.0,52.99670145,97.96016428,1.633333333,-49.07984947576335,4
203,idm40_72F3,2,water_low,2,8.866666667,57.02609368,-9.121736036,8.6,58.319977948891086,4
204,idm40_72F3,3,water_low,2,5.766666667,51.74567822,73.49333907,5.833333333,-24.056417051167447,4
205,idm40_72F3,4,water_low,2,5.633333333,49.71722095,2.149401435,8.1,47.164832191667855,4
206,idm40_72F3,5,water_low,2,4.733333333,51.39235611,21.91196334,4.9,27.170804271825606,4
207,idm40_72F3,6,water_low,2,4.666666667,56.0482822,55.8691403,6.566666667,-6.711008133058769,4
208,idm40_72F3,7,water_low,0,11.26666667,56.75391643,-7.931268019,11.06666667,57.46323985031101,4
209,idm40_72F3,8,water_low,2,1.233333333,61.01008032,103.2809499,1.033333333,-54.65945211393326,4
210,idm40_72F3,9,water_low,2,3.0,64.16465049,99.96124268,3.033333333,-51.24667211913268,4
211,idm40_72F3,10,water_low,2,7.433333333,50.66707142,53.73488517,3.933333333,-4.365455369640014,4
212,idm40_78F3,1,water_low,2,3.3,47.91540774,88.13292453,5.166666667,-21.787219310043422,3
213,idm40_78F3,2,water_low,2,0.0,70.82268831,26.93255826,7.466666667,36.77223987140877,3
214,idm40_78F3,3,water_low,2,4.666666667,48.74165477,57.53910492,5.366666667,8.575581911989588,3
215,idm40_78F3,4,water_low,0,9.433333333,33.19998551,-9.304578948,9.333333333,76.87944794112303,3
216,idm40_78F3,5,water_low,2,0.366666667,75.90692022,95.09707779,2.833333333,-31.63021778089986,3
217,idm40_78F3,6,water_low,2,3.866666667,54.30020151,90.06980706,3.766666667,-24.37431285264894,3
218,idm40_78F3,7,water_low,2,3.166666667,33.3949508,93.78302763,3.166666667,-26.134821238917056,3
219,idm40_78F3,8,water_low,2,5.166666667,50.54871244,72.19320136,5.366666667,-6.121467068160212,3
220,idm40_78F3,9,water_low,2,2.366666667,45.5939888,74.33560594,3.866666667,-7.986045512168911,3
221,idm40_78F3,10,water_low,2,1.566666667,55.35022559,69.40133278,1.433333333,-4.193185961683006,3
232,idm40_8DA3,1,water_low,2,8.166666667,66.13485892,-9.535577425,8.6,-27.496297074728524,3
233,idm40_8DA3,2,water_low,2,1.866666667,69.40778299,74.72034436,6.633333333,56.58797691108976,3
234,idm40_8DA3,3,water_low,0,13.96666667,54.53988771,-11.4784299,13.8,-31.81104701873466,3
235,idm40_8DA3,4,water_low,0,12.03333333,53.03940155,-10.7118608,11.86666667,-31.01731187192589,3
236,idm40_8DA3,5,water_low,2,7.333333333,59.40769036,34.74674709,7.0,15.32135954077269,3
237,idm40_8DA3,6,water_low,0,8.733333333,59.46873389,-10.47353656,8.766666667,-29.45124519405647,3
238,idm40_8DA3,7,water_low,2,10.0,72.4759381,-7.646260067,9.933333333,-24.95000409548222,3
239,idm40_8DA3,8,water_low,2,3.2,74.05829571,101.2881085,3.166666667,83.47840091629068,3
240,idm40_8DA3,9,water_low,0,11.43333333,30.49300494,-10.23475477,2.433333333,-33.24417140451294,3
241,idm40_8DA3,10,water_low,2,4.866666667,46.72885897,43.62469369,4.7,22.582339291287525,3
242,idm40_CDC3,1,water_low,2,4.533333333,63.56397324,7.243290018,7.633333333,-28.855699676127227,6
243,idm40_CDC3,2,water_low,2,6.166666667,63.0544969,58.5731253,6.7,21.98767159985447,6
244,idm40_CDC3,3,water_low,2,6.166666667,63.90682697,80.79495085,6.2,44.14794439377493,6
245,idm40_CDC3,4,water_low,2,7.3,61.73610112,19.0741061,7.366666667,-17.437214021679583,6
246,idm40_CDC3,5,water_low,2,1.233333333,43.00211036,106.1636556,0.933333333,67.82913334659176,6
247,idm40_CDC3,6,water_low,0,9.1,34.51375837,-8.990912399,8.9,-48.12890602869307,6
248,idm40_CDC3,7,water_low,0,13.5,43.02861645,-13.68600257,10.33333333,-52.28234125572879,6
249,idm40_CDC3,8,water_low,2,10.26666667,45.63841699,30.35860259,6.566666667,-7.931012919344003,6
250,idm40_CDC3,9,water_low,2,5.433333333,46.43157682,4.136513465,7.366666667,-33.639381432065,6
251,idm40_CDC3,10,water_low,2,3.333333333,60.84893158,91.14736768,5.733333333,54.30980599341651,6
355,idm41_08E3,1,sucrose_high,3,0.0,82.57083671,95.60358405,0.3,15.060145426665079,5
356,idm41_08E3,2,sucrose_high,3,0.0,84.6104962,95.23353276,0.333333333,13.015135595548285,5
357,idm41_08E3,3,sucrose_high,3,0.0,100.0246884,92.96992041,0.466666667,-2.4314305591725978,5
358,idm41_08E3,4,sucrose_high,3,0.0,85.30016391,96.77321214,0.266666667,12.348748201132416,5
359,idm41_08E3,5,sucrose_high,3,0.0,108.795614,93.39427313,0.366666667,-11.19494238379157,5
360,idm41_08E3,6,sucrose_high,3,0.0,112.199515,98.20642343,0.3,-14.5259833102125,5
361,idm41_08E3,7,sucrose_high,3,0.0,109.8901582,94.5665008,0.233333333,-12.271672970169254,5
350,idm41_7A33,1,sucrose_high,3,0.0,74.98193651,99.79434671,0.433333333,-8.128488957782517,3
351,idm41_7A33,2,sucrose_high,3,0.0,73.01797743,99.24233661,0.4,-10.021490041315774,3
352,idm41_7A33,3,sucrose_high,3,0.0,99.55443653,96.08260442,0.433333333,16.700847662569828,3
353,idm41_7A33,4,sucrose_high,2,0.0,87.4294695,99.29502311,0.8,4.30418199062025,3
354,idm41_7A33,5,sucrose_high,2,0.0,79.99125489,97.10930188,0.666666667,-2.8550506540918374,3
342,idm41_7C93,1,sucrose_high,3,2.066666667,78.8786059,92.8032671,0.166666667,31.67348888596292,3
343,idm41_7C93,2,sucrose_high,2,1.4,87.2417404,103.3000599,1.2,24.47024314343014,3
344,idm41_7C93,3,sucrose_high,3,0.0,125.8678995,93.6707312,0.133333333,-15.000245715549992,3
345,idm41_7C93,4,sucrose_high,3,0.0,119.4357058,90.29251884,0.1,-8.968260443995865,3
346,idm41_7C93,5,sucrose_high,3,0.0,127.4928704,93.2838478,0.133333333,-16.65547478786291,3
347,idm41_7C93,6,sucrose_high,3,0.0,126.3103579,92.90839076,0.2,-15.519751081984348,3
332,idm41_C8C3,1,sucrose_high,2,2.366666667,90.25518654,100.2645448,2.233333333,-1.045144243529295,4
333,idm41_C8C3,2,sucrose_high,2,0.0,96.33940709,98.93683298,3.733333333,-3.5999588047627267,4
334,idm41_C8C3,3,sucrose_high,2,0.0,113.3105832,97.65610316,2.966666667,-12.537140137331887,4
335,idm41_C8C3,4,sucrose_high,2,2.733333333,131.2951236,100.9069067,2.766666667,-25.484412875281983,4
336,idm41_C8C3,5,sucrose_high,2,6.3,132.4196374,110.7976386,6.1,-33.63296756739727,4
337,idm41_C8C3,6,sucrose_high,2,3.9,122.5170851,109.5214053,3.733333333,-27.14614793852991,4
338,idm41_C8C3,7,sucrose_high,2,0.366666667,111.0437393,93.06281165,4.333333333,-7.395637382605385,4
339,idm41_C8C3,8,sucrose_high,2,6.4,94.81965455,93.56903837,6.4,2.2445837436673184,4
340,idm41_C8C3,9,sucrose_high,0,13.8,39.71908564,-9.419786043,13.7,118.44079181684009,4
341,idm41_C8C3,10,sucrose_high,2,5.633333333,98.48854661,105.7647315,5.4,-9.843966611068952,4
348,idm41_CE93,1,sucrose_high,2,0.0,104.5064724,95.62543518,1.1,-4.42340321504665,3
349,idm41_CE93,2,sucrose_high,3,0.0,96.08289896,93.23344506,0.333333333,4.423403215046651,3
422,idm42_7363,1,water_high,3,0.0,67.54305633,100.6409201,0.366666667,-9.630886287692448,3
423,idm42_7363,2,water_high,3,0.0,69.27852593,98.01406928,0.266666667,-8.489654771907755,3
424,idm42_7363,3,water_high,3,0.0,76.10639689,97.3714414,0.366666667,-1.9808380252169275,3
425,idm42_7363,4,water_high,3,0.0,73.93261111,96.11852838,0.633333333,-4.326564076414213,3
426,idm42_7363,5,water_high,2,0.0,84.90854859,96.01000399,1.166666667,6.4062220666361505,3
427,idm42_7363,6,water_high,2,0.0,84.30479634,96.03026637,2.2,5.907319710250934,3
428,idm42_7363,7,water_high,2,0.0,75.80962489,97.15227629,3.566666667,-2.0047151500538614,3
429,idm42_7363,8,water_high,2,0.0,76.90218468,89.22081694,5.866666667,-2.3774099281867414,3
430,idm42_7363,9,water_high,2,2.566666667,90.21621855,107.4896324,2.4,14.200036656457021,3
431,idm42_7363,10,water_high,2,0.0,81.5473214,89.82997095,6.333333333,2.2964898061278602,3
412,idm42_7393,1,water_high,3,0.0,90.77074515,98.48838244,0.366666667,0.07239893980195031,5
413,idm42_7393,2,water_high,2,0.0,98.27939672,95.31255958,0.566666667,7.939011252736399,5
414,idm42_7393,3,water_high,2,0.0,87.15416355,97.99723237,0.666666667,-3.458751895484186,5
415,idm42_7393,4,water_high,3,0.0,95.55932785,95.29286837,0.333333333,5.285019818745491,5
416,idm42_7393,5,water_high,3,0.0,89.03547168,94.20719898,0.333333333,-0.996688816955357,5
417,idm42_7393,6,water_high,2,0.0,83.73158524,96.28407251,0.9,-6.5887320092779085,5
418,idm42_7393,7,water_high,3,0.0,93.6995626,96.34698859,0.433333333,3.2862604425754878,5
419,idm42_7393,8,water_high,2,0.0,92.39418927,95.35951132,0.666666667,2.11498134637687,5
420,idm42_7393,9,water_high,2,0.0,86.15862621,98.90950138,0.966666667,-4.587978150197147,5
421,idm42_7393,10,water_high,3,0.0,87.19351292,95.83139597,0.5,-3.065520928321613,5
432,idm42_F133,1,water_high,2,4.133333333,67.29626817,89.15977952,3.433333333,-20.077343944437537,3
433,idm42_F133,2,water_high,2,0.266666667,67.12662252,88.88639107,0.633333333,-20.03719700685252,3
434,idm42_F133,3,water_high,2,0.0,82.08759915,90.33494313,1.2,-5.610469344448972,3
435,idm42_F133,4,water_high,2,0.966666667,88.46541096,102.4147361,0.833333333,4.646292066811275,3
436,idm42_F133,5,water_high,3,0.4,106.3382594,103.944282,0.233333333,21.906299633162128,3
437,idm42_F133,6,water_high,3,0.0,101.2418045,94.68586306,0.266666667,13.848164886115718,3
438,idm42_F133,7,water_high,3,0.566666667,92.59586179,104.4764711,0.4,9.296495844148664,3
439,idm42_F133,8,water_high,2,0.0,84.73162196,94.7213193,0.8,-1.5532680400999825,3
440,idm42_F133,9,water_high,2,0.0,85.25290098,93.93821089,0.866666667,-1.3531660502174396,3
441,idm42_F133,10,water_high,2,0.0,85.6790431,93.62205202,0.766666667,-1.0658080441813205,3
532,idm43_0783,1,no_high,3,2.566666667,65.30923971,92.56168744,0.5,26.786387243376282,3
533,idm43_0783,2,no_high,2,0.0,72.66688286,95.24904659,0.566666667,19.318223554823795,3
534,idm43_0783,3,no_high,2,0.9,90.55760108,104.1735404,0.766666667,1.2365590660724115,3
535,idm43_0783,4,no_high,2,0.0,103.1859945,91.89122645,1.533333333,-11.089106179302082,3
536,idm43_0783,5,no_high,2,0.0,92.06794008,95.79882213,1.966666667,-0.13613946289007692,3
537,idm43_0783,6,no_high,2,0.0,104.3033966,95.50299137,2.166666667,-12.342759012161602,3
538,idm43_0783,7,no_high,2,0.0,94.61800157,97.79376998,3.033333333,-2.8034221718984544,3
539,idm43_0783,8,no_high,2,1.3,99.75908341,107.6372452,1.1,-8.04887690356342,3
540,idm43_0783,9,no_high,2,2.3,108.2041985,88.87453115,4.966666667,-16.204224265761834,3
541,idm43_0783,10,no_high,2,1.066666667,88.86190767,90.43702418,1.033333333,3.2833581313049605,3
502,idm43_7993,1,no_high,3,0.0,72.23310214,100.1010729,0.433333333,-10.803868659346774,6
503,idm43_7993,2,no_high,3,0.466666667,75.21032212,99.32505058,0.5,-7.752164890089144,6
504,idm43_7993,3,no_high,2,0.0,62.91683577,93.12068318,1.066666667,-19.25005296005904,6
505,idm43_7993,4,no_high,2,0.766666667,76.80894241,100.5583333,1.266666667,-6.261741052634001,6
506,idm43_7993,5,no_high,2,0.0,68.22792708,101.2501432,1.5,-14.862962805401764,6
507,idm43_7993,6,no_high,2,0.0,108.4981233,99.11872347,1.933333333,25.379921613498063,6
508,idm43_7993,7,no_high,2,0.0,102.2142122,97.68130647,2.533333333,19.319872526840037,6
509,idm43_7993,8,no_high,2,0.0,80.01549296,93.0476908,2.733333333,-2.203907821615878,6
510,idm43_7993,9,no_high,2,2.366666667,97.19835204,81.67789401,2.466666667,16.146372092251248,6
511,idm43_7993,10,no_high,2,0.2,83.84581995,104.045303,0.033333333,0.2885319565571797,6
512,idm43_7C63,1,no_high,2,1.4,97.54360095,97.87909259,2.066666667,-33.94030076622582,6
513,idm43_7C63,2,no_high,2,0.0,85.98147552,96.97998047,2.066666667,-31.319387391514827,6
514,idm43_7C63,3,no_high,2,8.033333333,53.68381012,-6.573619084,7.966666667,76.45054116159308,6
515,idm43_7C63,4,no_high,2,2.233333333,79.43041736,85.70055942,2.866666667,-19.027275825532627,6
516,idm43_7C63,5,no_high,2,2.766666667,109.3425438,103.7009993,3.6,-41.37771207829657,6
517,idm43_7C63,6,no_high,2,4.566666667,44.26299962,70.86392981,4.566666667,1.2937559798572502,6
518,idm43_7C63,7,no_high,2,4.633333333,56.09513507,93.6493969,3.733333333,-23.040316983331532,6
519,idm43_7C63,8,no_high,2,7.2,94.7211168,-7.12480942,7.9,70.52636912530524,6
520,idm43_7C63,9,no_high,2,4.366666667,46.83797175,88.35461685,4.266666667,-16.364838119309848,6
521,idm43_7C63,10,no_high,0,6.133333333,43.83189547,55.28774045,4.7,16.799164897455583,6
492,idm43_7E53,1,no_high,3,0.0,77.98996646,100.8177436,0.266666667,-12.821876439521082,3
493,idm43_7E53,2,no_high,3,0.0,74.35394275,99.5369552,0.1,-11.810907092662015,3
494,idm43_7E53,3,no_high,3,0.0,88.09890429,97.22990357,0.233333333,-8.591463958277572,3
495,idm43_7E53,4,no_high,3,0.0,92.80248143,98.66147328,0.4,-9.68007484865792,3
496,idm43_7E53,5,no_high,3,4.066666667,84.8350978,77.94483053,0.566666667,10.67582650757294,3
497,idm43_7E53,6,no_high,2,1.6,108.7419574,97.73153544,1.566666667,-7.4466792192572075,3
498,idm43_7E53,7,no_high,2,0.0,113.7159714,97.35520664,2.2,-6.828798582006527,3
499,idm43_7E53,8,no_high,2,6.966666667,99.20142221,27.7090854,7.5,62.22432313922769,3
500,idm43_7E53,9,no_high,2,3.666666667,106.4953041,98.92133329,3.733333333,-8.41989963296736,3
501,idm43_7E53,10,no_high,2,3.233333333,102.377458,97.45457058,3.5,-7.300449873450978,3
522,idm43_7FC3,1,no_high,3,0.2,71.70233124,93.62961908,0.366666667,8.856754440017003,3
523,idm43_7FC3,2,no_high,3,0.0,67.19922117,91.95844461,0.366666667,13.549069289745715,3
524,idm43_7FC3,3,no_high,2,0.0,86.98755946,98.0845957,0.566666667,-6.945183130395515,3
525,idm43_7FC3,4,no_high,2,0.0,73.6834677,98.21261718,0.833333333,6.164248129315748,3
526,idm43_7FC3,5,no_high,2,0.0,80.80593005,93.32785528,0.766666667,-0.1469987832049512,3
527,idm43_7FC3,6,no_high,2,0.0,84.73639193,97.54248079,1.3,-4.6679467402622015,3
528,idm43_7FC3,7,no_high,2,0.0,89.9079196,96.26557384,1.3,-9.586613588879906,3
529,idm43_7FC3,8,no_high,2,0.0,84.70126638,92.08827562,1.4,-3.833088895608503,3
530,idm43_7FC3,9,no_high,2,0.0,78.03790004,96.13481128,3.333333333,2.0830464349066427,3
531,idm43_7FC3,10,no_high,2,0.0,85.6361351,96.84373591,1.866666667,-5.473287155634051,3
160,idm44_0F33,1,no_low,2,6.566666667,43.05403027,-13.53488151,8.166666667,-14.117591810637997,9
161,idm44_0F33,2,no_low,0,13.1,42.76160795,-16.5116514,13.76666667,-18.119727754184037,9
162,idm44_0F33,3,no_low,2,7.533333333,42.73442546,5.257682254,7.2,4.35097724329772,9
163,idm44_0F33,4,no_low,1,19.16666667,3.659311556,-6.905606055,20.0,-14.739095318847557,9
164,idm44_0F33,5,no_low,0,13.93333333,37.04137408,-10.70933185,13.73333333,-13.211284222246737,9
165,idm44_0F33,6,no_low,0,15.93333333,28.08015156,-12.04198425,15.96666667,-16.03764922365031,9
166,idm44_0F33,9,no_low,2,4.9,43.75086414,87.85917465,4.833333333,86.21212999285135,9
167,idm44_0F33,10,no_low,0,6.333333333,30.42676508,-12.00161832,9.066666667,-14.337758906582424,9
140,idm44_F293,1,no_low,2,3.4,51.89804281,92.77834832,3.366666667,-38.29726298331492,4
141,idm44_F293,2,no_low,2,5.5,59.23452469,85.50583299,3.466666667,-31.397078681954632,4
142,idm44_F293,3,no_low,2,9.533333333,55.22164618,67.08551527,5.333333333,-12.459232328854332,4
143,idm44_F293,4,no_low,2,9.833333333,61.5327194,-13.6801963,10.13333333,67.74551066772494,4
144,idm44_F293,5,no_low,2,6.666666667,54.11882259,40.57941613,6.7,13.863145756823238,4
145,idm44_F293,6,no_low,2,8.733333333,64.17796713,84.22845394,5.1,-30.116483508758485,4
146,idm44_F293,7,no_low,2,1.7,80.48097432,104.2312558,1.5,-51.71350141745577,4
147,idm44_F293,8,no_low,2,6.166666667,54.41970477,9.876474558,5.766666667,44.240037774831784,4
148,idm44_F293,9,no_low,1,15.0,56.57884846,-5.542238352,14.56666667,60.6285562395782,4
149,idm44_F293,10,no_low,2,4.9,53.4010301,76.94917034,4.466666667,-22.49369151862004,4
150,idm44_F3F3,1,no_low,2,0.0,71.36184589,98.85962961,1.133333333,-41.247740135322914,3
151,idm44_F3F3,2,no_low,2,4.633333333,77.3416945,96.24506282,5.066666667,-39.057873612306594,3
152,idm44_F3F3,3,no_low,2,9.066666667,85.75247137,-10.37239815,9.3,65.20652206514893,3
153,idm44_F3F3,4,no_low,2,8.733333333,79.88368601,-10.5210814,9.0,66.19861735072884,3
154,idm44_F3F3,5,no_low,0,10.5,68.96166921,-13.69583106,10.46666667,71.17538003273245,3
155,idm44_F3F3,6,no_low,2,4.733333333,90.50143881,75.48830375,4.9,-20.599541591679362,3
156,idm44_F3F3,7,no_low,2,5.566666667,77.56602878,11.52550946,5.566666667,44.4369481348261,3
157,idm44_F3F3,8,no_low,2,1.8,95.65080308,101.4390785,1.766666667,-47.2989129303318,3
158,idm44_F3F3,9,no_low,2,1.733333333,115.051647,102.6710765,1.666666667,-51.443742345856265,3
159,idm44_F3F3,10,no_low,2,2.266666667,104.4321667,100.2232826,2.2,-47.36965696793933,3
168,idm44_F9F3,1,no_low,2,2.3,69.81264912,-6.868252458,8.133333333,-28.83265865652816,4
169,idm44_F9F3,2,no_low,2,10.26666667,62.28045794,-10.73684636,10.43333333,-19.541913978800213,4
170,idm44_F9F3,3,no_low,2,9.4,58.18284225,-3.317284622,8.933333333,-16.147862620897342,4
171,idm44_F9F3,4,no_low,0,19.63333333,6.001179687,-11.99814709,20.0,38.31640259062361,4
172,idm44_F9F3,5,no_low,2,6.766666667,42.48748182,25.16771943,6.933333333,-2.3736095312191,4
173,idm44_F9F3,6,no_low,0,15.6,34.06526516,-12.74072347,15.16666667,9.646190519054826,4
174,idm44_F9F3,7,no_low,0,15.76666667,24.41271955,-12.15759812,18.83333333,19.604111949257284,4
175,idm44_F9F3,9,no_low,0,5.133333333,26.74317514,22.29183017,4.733333333,12.249292337343705,4
176,idm44_F9F3,10,no_low,2,8.1,54.42880323,-6.203160334,7.833333333,-12.919952608834617,4
50,idm45_0C53,1,sucrose_low,2,1.0,61.10423125,95.74744591,1.1,82.89481887341925,4
51,idm45_0C53,2,sucrose_low,0,8.533333333,46.86378308,-10.53345366,13.36666667,-23.1523555824337,4
52,idm45_0C53,3,sucrose_low,2,8.0,55.45688136,80.55313701,5.566666667,65.68879521912359,4
53,idm45_0C53,4,sucrose_low,0,19.76666667,13.28717474,-9.854294107,20.0,-35.2505153713353,4
54,idm45_0C53,5,sucrose_low,0,12.5,51.36125096,-9.639097097,12.43333333,-21.090938649819016,4
55,idm45_0C53,6,sucrose_low,2,7.6,58.79498646,5.521045877,7.666666667,-3.451379607560339,4
56,idm45_0C53,7,sucrose_low,0,20.0,2.472150495,-5.171147759,20.0,-34.40263673152922,4
57,idm45_0C53,8,sucrose_low,0,8.2,51.56035397,25.94029904,4.133333333,13.63082229434016,4
58,idm45_0C53,9,sucrose_low,0,12.06666667,47.62057939,-7.705441907,11.9,-20.389201851191874,4
59,idm45_0C53,10,sucrose_low,1,0.0,16.3925815,-2.008044822,14.8,-24.477408593013564,4
252,idm46_C163,1,water_low,2,2.633333333,61.18792191,95.51991689,1.466666667,-30.914032997098403,4
253,idm46_C163,2,water_low,2,0.0,74.76335849,99.19418872,2.6,-33.794781969583774,4
254,idm46_C163,3,water_low,2,3.7,66.43564742,101.2360771,3.633333333,-35.98825876560046,4
255,idm46_C163,4,water_low,1,11.2,78.55402369,-3.558362399,13.06666667,70.05501459121133,4
256,idm46_C163,5,water_low,2,0.9,60.60520596,88.38044075,0.6,-24.073672887205266,4
257,idm46_C163,6,water_low,2,10.23333333,67.8171328,-8.718791365,10.83333333,74.22530127360922,4
258,idm46_C163,7,water_low,2,3.633333333,56.5298959,99.19794883,3.666666667,-34.60450049191697,4
259,idm46_C163,8,water_low,2,5.033333333,71.22204702,85.49102136,4.8,-19.870686628042623,4
260,idm46_C163,9,water_low,2,10.13333333,72.92768654,-8.225564648,9.966666667,73.98544496380704,4
261,idm46_C163,10,water_low,2,2.233333333,72.26434674,104.4258019,2.033333333,-39.01982708918014,4
272,idm46_C2C3,1,water_low,0,2.8,31.65235285,86.58865348,2.8,52.773797588594455,4
273,idm46_C2C3,2,water_low,2,2.7,40.38254425,75.45171536,3.5,41.165295477223815,4
274,idm46_C2C3,3,water_low,2,3.7,27.57928224,53.70701992,4.166666667,20.189901711395972,4
275,idm46_C2C3,4,water_low,2,9.166666667,39.29585627,-10.02278416,9.433333333,-44.546643515647595,4
276,idm46_C2C3,5,water_low,0,7.766666667,46.03053854,20.15997169,4.533333333,-14.535825183231468,4
277,idm46_C2C3,6,water_low,0,9.766666667,36.09903383,-6.36533378,9.7,-40.79094769742924,4
278,idm46_C2C3,7,water_low,2,4.433333333,39.04369104,71.09623965,4.6,36.72319762570837,4
279,idm46_C2C3,8,water_low,2,9.0,44.90159201,-11.24406631,9.333333333,-46.06897608927604,4
280,idm46_C2C3,9,water_low,1,8.8,39.26580635,-9.284769964,8.633333333,-43.7372013252292,4
281,idm46_C2C3,10,water_low,2,3.5,37.16725729,72.95559943,3.333333333,38.82740140789093,4
262,idm46_C5F3,1,water_low,2,1.0,42.16046907,87.63125084,1.166666667,41.138606564630365,6
263,idm46_C5F3,2,water_low,2,3.466666667,87.90296278,99.88199702,3.333333333,60.42866160079646,6
264,idm46_C5F3,3,water_low,2,6.0,75.42439768,91.77275559,6.266666667,50.024430657363794,6
265,idm46_C5F3,4,water_low,2,4.5,52.26374257,63.07606438,5.266666667,18.19910519215171,6
266,idm46_C5F3,5,water_low,2,3.4,61.72175421,89.81161539,4.2,46.15167468273841,6
267,idm46_C5F3,6,water_low,0,12.13333333,37.1005391,2.399800349,8.866666667,-44.6689516514166,6
268,idm46_C5F3,7,water_low,0,17.8,53.31859139,-3.155223897,17.53333333,-48.404797226206895,6
269,idm46_C5F3,8,water_low,2,1.0,43.46150461,-5.753341553,8.566666667,-50.748202942760756,6
270,idm46_C5F3,9,water_low,2,11.93333333,50.55534861,23.15216437,2.666666667,-21.642748215612443,6
271,idm46_C5F3,10,water_low,2,11.5,73.74058262,-9.828550384,8.2,-50.477778661684,6
282,idm46_D6C3,1,water_low,2,3.4,60.2330986,88.84763682,3.366666667,57.876271052717975,3
283,idm46_D6C3,2,water_low,2,1.0,81.46222004,96.79035703,2.533333333,71.64014520932288,3
284,idm46_D6C3,3,water_low,2,4.366666667,45.0647343,33.15584752,4.2,0.8180369014276117,3
285,idm46_D6C3,4,water_low,2,6.3,33.80964526,50.27734116,4.933333333,13.572798266476825,3
286,idm46_D6C3,5,water_low,2,1.7,44.1591943,70.10576227,1.666666667,36.133741899887674,3
287,idm46_D6C3,6,water_low,0,17.5,39.44892944,-12.34648217,19.23333333,-47.2154178212221,3
288,idm46_D6C3,7,water_low,0,9.566666667,43.49738305,-14.1444127,9.333333333,-45.62933578726913,3
289,idm46_D6C3,8,water_low,2,7.433333333,54.84307006,29.55216045,2.833333333,-0.09906243126638622,3
290,idm46_D6C3,9,water_low,0,10.3,70.53544612,-7.136765133,9.033333333,-31.593528627162527,3
291,idm46_D6C3,10,water_low,0,19.36666667,4.739496615,-10.63874853,20.0,-55.50364866291282,3
292,idm46_F5A3,1,water_low,2,7.966666667,45.45972008,-8.322403642,7.866666667,58.17855491138116,5
293,idm46_F5A3,2,water_low,2,5.4,55.16394143,74.95766257,5.233333333,-25.525675645856815,5
294,idm46_F5A3,3,water_low,2,0.0,78.09220095,91.17260208,4.166666667,-43.60562593382694,5
295,idm46_F5A3,4,water_low,2,5.466666667,54.53959138,73.23074916,5.466666667,-23.7511206535247,5
296,idm46_F5A3,5,water_low,0,11.13333333,59.6749614,-9.223411621,10.96666667,58.57356116292801,5
297,idm46_F5A3,6,water_low,2,7.633333333,56.22082093,13.52825661,7.466666667,35.71962421691007,5
298,idm46_F5A3,7,water_low,2,4.966666667,55.5438917,72.3820103,4.8,-23.049295383999855,5
299,idm46_F5A3,8,water_low,2,1.233333333,33.94872179,72.76638932,3.1,-22.39207153904422,5
300,idm46_F5A3,9,water_low,2,7.966666667,43.16318379,49.36457351,5.666666667,0.902881521606466,5
301,idm46_F5A3,10,water_low,2,2.833333333,56.89855509,63.97403982,2.966666667,-15.050832656573181,5
362,idm51_0363,1,sucrose_high,2,1.0,78.65697384,88.96151264,0.933333333,26.82246607142912,3
363,idm51_0363,2,sucrose_high,3,0.466666667,95.26058439,105.7372005,0.3,12.081027579577585,3
364,idm51_0363,3,sucrose_high,3,0.0,102.214555,93.73800052,0.266666667,3.881034855544927,3
365,idm51_0363,4,sucrose_high,3,0.566666667,110.2148992,105.2937051,0.366666667,-2.8286728629773887,3
366,idm51_0363,5,sucrose_high,3,0.0,117.1157567,98.52489684,0.1,-10.420799209429855,3
367,idm51_0363,6,sucrose_high,3,0.0,112.7556774,95.9828713,0.233333333,-6.356990328233928,3
368,idm51_0363,7,sucrose_high,3,0.4,97.97751513,108.3534785,0.233333333,9.658629532091302,3
369,idm51_0363,8,sucrose_high,3,1.7,117.4053213,90.65282248,0.166666667,-11.532432246312883,3
370,idm51_0363,9,sucrose_high,3,0.0,120.2896556,90.24948776,0.266666667,-14.45807328149248,3
371,idm51_0363,10,sucrose_high,3,0.0,112.7676348,91.50578458,0.333333333,-6.84619011019642,3
372,idm51_0B72,1,sucrose_high,3,0.0,87.76228386,97.39910193,0.566666667,-6.602896519631312,3
373,idm51_0B72,2,sucrose_high,3,0.0,97.69220115,96.60609057,0.5,0.039167118232830284,3
374,idm51_0B72,3,sucrose_high,2,0.333333333,99.18883253,104.7700287,1.333333333,6.768347100902045,3
375,idm51_0B72,4,sucrose_high,3,0.0,104.5729589,90.13574186,0.3,0.5591463586512763,3
376,idm51_0B72,5,sucrose_high,3,0.0,93.18433854,83.57131545,0.3,-12.211738031043067,3
377,idm51_0B72,6,sucrose_high,3,0.666666667,105.4414394,106.5097956,0.5,12.491737401876474,3
378,idm51_0B72,7,sucrose_high,3,0.0,102.5665876,94.10088383,0.3,1.8403639697365202,3
379,idm51_0B72,8,sucrose_high,2,0.0,108.7892333,94.13053493,0.633333333,6.374485345836527,3
380,idm51_0B72,9,sucrose_high,2,0.0,90.24044104,93.76543202,1.266666667,-7.304441689060854,3
381,idm51_0B72,10,sucrose_high,2,0.0,100.9569726,90.27313071,1.1,-1.954171055500399,3
382,idm51_30A3,1,sucrose_high,3,0.0,89.26425778,95.83215996,0.4,-4.227253207844026,3
383,idm51_30A3,2,sucrose_high,3,0.0,100.6419723,97.63167825,0.2,7.194365209820702,3
384,idm51_30A3,3,sucrose_high,3,0.0,110.1743449,93.01599332,0.3,15.025459749646524,3
385,idm51_30A3,4,sucrose_high,3,0.0,106.1093543,95.52411747,0.3,11.838578774202896,3
386,idm51_30A3,5,sucrose_high,3,0.0,86.54412982,78.74399427,0.333333333,-11.67840999398034,3
387,idm51_30A3,6,sucrose_high,3,0.0,93.35274622,94.40415052,0.233333333,-0.7101680653444402,3
388,idm51_30A3,7,sucrose_high,3,0.0,100.2852322,93.23324366,0.3,5.604679820826148,3
389,idm51_30A3,8,sucrose_high,3,0.0,85.02260344,93.00942273,0.4,-9.09452673321744,3
390,idm51_30A3,9,sucrose_high,2,0.0,84.2506151,93.47020659,0.833333333,-9.720279193269029,3
391,idm51_30A3,10,sucrose_high,3,0.0,90.99155089,89.9651533,0.233333333,-4.232446360841095,3
60,idm51_3893,1,sucrose_low,2,3.866666667,48.669733,95.53969066,3.766666667,78.22447487135709,4
61,idm51_3893,2,sucrose_low,2,9.6,69.92963219,-6.922518136,7.766666667,-20.321560744943508,4
62,idm51_3893,3,sucrose_low,0,14.43333333,43.6752363,-7.562899319,14.26666667,-25.68486345602683,4
63,idm51_3893,4,sucrose_low,2,1.3,37.13418629,101.2418609,0.9,83.10101604611819,4
64,idm51_3893,5,sucrose_low,2,4.8,51.52588185,53.02941895,4.766666667,36.89366593689805,4
65,idm51_3893,6,sucrose_low,0,19.9,5.884702105,-8.054704337,20.0,-32.25343369575823,4
66,idm51_3893,7,sucrose_low,0,19.8,1.286030497,-8.928692886,20.0,-33.65115815988241,4
67,idm51_3893,8,sucrose_low,0,9.733333333,49.76440303,-10.55127301,9.2,-26.554753366658797,4
68,idm51_3893,9,sucrose_low,0,18.9,39.3701353,-9.139789369,18.8,-28.94400695269746,4
69,idm51_3893,10,sucrose_low,0,19.0,35.99536255,-10.53252583,19.43333333,-30.809380478406133,4
402,idm52_0BD2,1,sucrose_high,3,0.0,78.97509989,95.82134896,0.333333333,8.307446016276577,6
403,idm52_0BD2,2,sucrose_high,3,0.0,95.95261453,95.47722865,0.266666667,-4.017353476426807,6
404,idm52_0BD2,3,sucrose_high,3,0.0,91.32485686,97.32948321,0.333333333,-1.8413599086562853,6
405,idm52_0BD2,4,sucrose_high,3,0.0,76.84673212,77.69318307,0.3,22.08246968833048,6
406,idm52_0BD2,5,sucrose_high,3,0.0,90.53293131,96.1088701,0.3,-0.43413000224590814,6
407,idm52_0BD2,6,sucrose_high,3,0.333333333,106.9035084,105.688554,0.266666667,-18.990883697779196,6
408,idm52_0BD2,7,sucrose_high,3,0.0,95.22656887,74.34240253,0.3,10.744085112611176,6
409,idm52_0BD2,8,sucrose_high,3,0.0,96.70255443,95.02530665,0.466666667,-4.267922308475823,6
410,idm52_0BD2,9,sucrose_high,3,0.0,91.03195056,95.35622222,0.266666667,-0.29662919200789306,6
411,idm52_0BD2,10,sucrose_high,3,0.0,106.2794125,94.92854127,0.366666667,-11.285722231626242,6
90,idm52_B662,1,sucrose_low,2,0.966666667,49.80212073,73.63755236,0.933333333,-36.57339214651577,5
91,idm52_B662,2,sucrose_low,2,4.9,63.26611908,89.29619519,5.0,-55.238296026266234,5
92,idm52_B662,3,sucrose_low,2,2.4,53.03071376,46.81123283,2.766666667,-14.592832442111987,5
93,idm52_B662,4,sucrose_low,2,5.366666667,57.18187277,61.30255062,5.233333333,-28.224831121465026,5
94,idm52_B662,5,sucrose_low,0,17.76666667,19.94388767,-11.49124226,9.233333333,54.28183514993582,5
95,idm52_B662,6,sucrose_low,0,19.23333333,1.575181102,-9.694846318,20.0,63.01329698263425,5
96,idm52_B662,7,sucrose_low,2,7.066666667,41.66581118,20.82099344,7.1,14.357129876868678,5
97,idm52_B662,8,sucrose_low,2,5.066666667,48.46310698,57.38114593,5.966666667,-20.700711430752897,5
98,idm52_B662,9,sucrose_low,2,1.833333333,51.73315665,75.79024661,2.5,-38.9963676819707,5
99,idm52_B662,10,sucrose_low,0,18.83333333,4.481882775,-10.96395137,20.0,62.67416883964376,5
392,idm52_B7F2,1,sucrose_high,2,0.0,67.53168119,92.11157647,0.966666667,-6.750704744481487,9
393,idm52_B7F2,2,sucrose_high,2,0.0,73.78088204,94.66082974,1.033333333,-0.7555384282225317,9
394,idm52_B7F2,3,sucrose_high,2,0.0,68.70149529,89.69988253,0.933333333,-7.816857538161706,9
395,idm52_B7F2,4,sucrose_high,2,0.0,78.33536405,92.77197638,1.066666667,0.7744333946719671,9
396,idm52_B7F2,5,sucrose_high,2,0.0,70.39029189,91.24506279,1.3,-5.556352034670721,9
397,idm52_B7F2,6,sucrose_high,3,0.633333333,81.20149858,103.4566931,0.3,10.800004676870747,9
398,idm52_B7F2,7,sucrose_high,2,0.0,68.59712528,90.14986899,1.833333333,-7.565937141505429,9
399,idm52_B7F2,8,sucrose_high,2,0.0,76.66197255,91.27168561,3.2,-1.503824419273281,9
400,idm52_B7F2,9,sucrose_high,2,0.0,83.52759575,92.09841231,3.233333333,3.587575907957393,9
401,idm52_B7F2,10,sucrose_high,2,0.966666667,80.62054872,109.2402733,0.766666667,14.787200326815116,9
80,idm52_BA32,1,sucrose_low,2,1.4,67.45841157,94.36693381,2.066666667,85.73401280836126,3
81,idm52_BA32,2,sucrose_low,2,5.033333333,73.35386957,90.55667673,5.8,85.10845845286374,3
82,idm52_BA32,3,sucrose_low,0,19.93333333,1.939342864,-6.013282189,20.0,-36.73486959060535,3
83,idm52_BA32,4,sucrose_low,0,19.9,3.82393489,-3.394757096,20.0,-33.560759170572,3
84,idm52_BA32,5,sucrose_low,0,17.73333333,1.229821415,-10.28431447,20.0,-40.26628105208241,3
85,idm52_BA32,6,sucrose_low,0,18.7,3.567441679,-10.66933217,20.0,-39.357726632643256,3
86,idm52_BA32,7,sucrose_low,0,19.96666667,1.557390958,-6.459145301,20.0,-37.31390047643293,3
87,idm52_BA32,8,sucrose_low,2,9.966666667,62.80878556,-11.1944075,10.73333333,-3.417590494318228,3
88,idm52_BA32,9,sucrose_low,0,12.03333333,45.38689954,-10.2789853,14.16666667,-13.434275839620593,3
89,idm52_BA32,10,sucrose_low,2,8.733333333,71.94326931,27.42676283,7.366666667,33.24293199504981,3
70,idm52_BF32,1,sucrose_low,2,5.966666667,49.06964901,46.39328707,6.3,45.44904081050973,3
71,idm52_BF32,2,sucrose_low,2,5.166666667,45.63399365,24.85289847,7.1,27.060399384107964,3
72,idm52_BF32,3,sucrose_low,0,6.266666667,37.10897845,-8.1705863,10.56666667,-3.953669039691556,3
73,idm52_BF32,4,sucrose_low,0,14.03333333,28.81351174,-13.44927772,14.1,-14.92692284373495,3
74,idm52_BF32,5,sucrose_low,0,19.9,2.098997097,-7.737345243,20.0,-28.790391121139702,3
75,idm52_BF32,6,sucrose_low,0,12.13333333,50.02408444,-6.385007418,12.96666667,3.774120995173365,3
76,idm52_BF32,7,sucrose_low,0,13.86666667,17.61493197,-9.790346343,15.96666667,-19.219331559514742,3
77,idm52_BF32,8,sucrose_low,0,8.433333333,51.41782109,-9.564296004,8.366666667,3.6440461833159543,3
78,idm52_BF32,9,sucrose_low,0,16.46666667,20.34839722,-10.57707971,16.4,-18.68941637729939,3
79,idm52_BF32,10,sucrose_low,0,15.13333333,57.07823327,-8.363654908,15.1,5.652123568273378,3
442,idm53_B692,1,water_high,3,0.0,123.9830028,95.2258671,0.166666667,-3.1125876783956428,6
443,idm53_B692,2,water_high,3,0.0,123.1953888,98.3745319,0.1,-3.406468411419564,6
444,idm53_B692,3,water_high,3,0.0,128.7356917,95.67004082,0.1,1.6507773914342194,6
445,idm53_B692,4,water_high,3,0.0,124.4713323,94.84156596,0.033333333,-2.689951329997944,6
446,idm53_B692,5,water_high,3,0.0,116.4933894,93.35258617,0.166666667,-10.80011118063611,6
447,idm53_B692,6,water_high,3,0.0,135.1767034,94.98480467,0.333333333,7.90976696045644,6
448,idm53_B692,7,water_high,3,0.0,138.1421254,95.06564593,0.533333333,10.852835526880659,6
449,idm53_B692,8,water_high,3,0.0,136.8154119,93.61305373,0.4,9.317927616462471,6
450,idm53_B692,9,water_high,3,0.0,125.641132,94.19169561,0.433333333,-1.6323006664284443,6
451,idm53_B692,10,water_high,2,0.0,120.5004733,85.32822716,0.8,-8.08988822835621,6
302,idm53_BEA2,1,water_low,2,0.0,72.78423218,100.3006543,3.333333333,70.16958533141568,3
303,idm53_BEA2,2,water_low,2,3.433333333,48.43543414,85.87023796,3.7,54.93183420017979,3
304,idm53_BEA2,3,water_low,2,8.1,61.38563459,-10.64822104,8.266666667,-41.3572913291928,3
305,idm53_BEA2,4,water_low,0,11.36666667,49.22486585,-1.526553207,15.0,-33.38934245502927,3
306,idm53_BEA2,5,water_low,2,4.933333333,77.33374276,72.27526613,3.4,42.10331016065554,3
307,idm53_BEA2,6,water_low,2,1.133333333,56.50577458,67.54866451,2.533333333,37.17175936751996,3
308,idm53_BEA2,7,water_low,0,13.7,61.3747378,0.635968843,13.6,-30.956539181313655,3
309,idm53_BEA2,8,water_low,2,0.0,74.99409577,-6.090592685,8.433333333,-35.960067014748105,3
310,idm53_BEA2,9,water_low,2,4.066666667,50.22505649,13.09506897,5.266666667,-17.541774040007777,3
311,idm53_BEA2,10,water_low,0,9.333333333,65.91049885,-14.23646039,11.5,-45.17147503947934,3
452,idm53_E151,1,water_high,2,0.0,80.93912078,90.74180445,1.366666667,21.841493449531544,3
453,idm53_E151,2,water_high,2,0.0,87.39191048,94.2013409,0.833333333,14.891731076356406,3
454,idm53_E151,3,water_high,3,0.466666667,96.49332582,103.778357,0.366666667,4.282065995887269,3
455,idm53_E151,4,water_high,3,0.0,111.5136266,95.83432323,0.2,-9.177247219427088,3
456,idm53_E151,5,water_high,3,0.0,108.8622224,98.16126908,0.266666667,-6.957131531124821,3
457,idm53_E151,6,water_high,2,0.0,98.97027536,94.78642369,1.233333333,3.388080676738382,3
458,idm53_E151,7,water_high,3,0.533333333,108.6039423,104.4214726,0.333333333,-7.761082733506311,3
459,idm53_E151,8,water_high,2,0.0,116.3623386,96.91814522,1.2,-14.111002408470096,3
460,idm53_E151,9,water_high,2,0.0,112.758731,96.93714922,2.233333333,-10.551053781102956,3
461,idm53_E151,10,water_high,2,0.0,97.88578235,96.71526366,3.233333333,4.154146475117757,3
472,idm54_0E71,1,water_high,2,0.0,63.93545116,95.631404,0.8,-12.99602365859733,3
473,idm54_0E71,2,water_high,2,0.0,80.84912866,95.15267596,1.233333333,3.9287198559942818,3
474,idm54_0E71,3,water_high,2,0.0,75.77712953,95.17989554,1.1,-1.1429312297187293,3
475,idm54_0E71,4,water_high,2,0.0,70.56919885,94.04068908,1.166666667,-6.306121283744615,3
476,idm54_0E71,5,water_high,2,0.0,76.39936083,96.68156761,0.933333333,-0.5754307995154291,3
477,idm54_0E71,6,water_high,2,0.0,75.85267522,93.17909917,1.7,-0.9833525682516606,3
478,idm54_0E71,7,water_high,2,0.0,76.61399425,93.52020636,1.6,-0.23712570349521592,3
479,idm54_0E71,8,water_high,2,2.266666667,75.09713003,101.8766893,2.2,-2.025802376563269,3
480,idm54_0E71,9,water_high,2,0.0,91.88480032,94.81207551,1.566666667,14.974146900592535,3
481,idm54_0E71,10,water_high,2,0.0,82.25131796,95.30448901,2.466666667,5.363920863299415,3
312,idm54_E661,1,water_low,2,3.433333333,37.94629064,74.91756579,3.6,62.81223978093578,3
313,idm54_E661,2,water_low,2,1.4,34.56405221,76.17238708,1.033333333,64.37859462638764,3
314,idm54_E661,3,water_low,1,5.4,48.70170853,-0.5135409,16.43333333,-12.350572743677386,3
315,idm54_E661,4,water_low,0,7.133333333,29.07925338,-9.473204676,13.93333333,-22.536465641683556,3
316,idm54_E661,5,water_low,0,10.2,25.4853081,20.78740225,6.6,7.630580529531752,3
317,idm54_E661,6,water_low,1,19.13333333,8.367633693,-10.36562965,20.0,-27.308396417886247,3
318,idm54_E661,7,water_low,0,6.733333333,41.43300574,-7.985892622,8.4,-19.12024063949298,3
319,idm54_E661,8,water_low,0,18.66666667,7.508200266,-3.160943879,20.0,-20.30666481807464,3
320,idm54_E661,9,water_low,0,6.033333333,29.41621248,-3.903360463,15.43333333,-17.192269002539195,3
321,idm54_E661,10,water_low,0,7.833333333,60.09927045,-5.543888649,12.83333333,-16.00680567350118,3
482,idm54_E7F1,1,water_high,2,0.0,67.64505971,96.19287735,1.133333333,9.76696692406981,3
483,idm54_E7F1,2,water_high,3,0.0,53.01098006,90.006036,0.5,25.12171983164151,3
484,idm54_E7F1,3,water_high,2,0.0,88.69969131,98.0863641,1.4,-11.344622285535413,3
485,idm54_E7F1,4,water_high,2,0.0,69.2979921,94.20610633,1.233333333,8.391155995374803,3
486,idm54_E7F1,5,water_high,2,0.0,83.99136677,95.32670176,1.266666667,-6.309401139721974,3
487,idm54_E7F1,6,water_high,2,0.0,82.72199055,96.13843551,1.3,-5.161865546428579,3
488,idm54_E7F1,7,water_high,2,0.0,71.7606934,91.78710743,2.233333333,6.236893941825542,3
489,idm54_E7F1,8,water_high,2,0.0,100.8060767,96.63714308,3.266666667,-23.21060263540633,3
490,idm54_E7F1,9,water_high,2,0.0,72.01582662,94.44981324,2.7,5.611652220959011,3
491,idm54_E7F1,10,water_high,2,0.0,86.81857832,94.98824094,2.266666667,-9.101897306778334,3
322,idm54_EE51,1,water_low,2,5.833333333,46.83796918,72.67553808,4.4,41.05252192939649,3
323,idm54_EE51,2,water_low,2,0.0,61.16438763,73.8811639,6.566666667,45.4520867504534,3
324,idm54_EE51,3,water_low,0,8.3,4.373473373,-0.109796903,20.0,-39.64997785264053,3
325,idm54_EE51,4,water_low,0,4.566666667,32.3549841,16.62404011,4.433333333,-16.08144814638836,3
326,idm54_EE51,5,water_low,2,0.0,50.99409975,87.51977329,5.0,56.83070468538946,3
327,idm54_EE51,6,water_low,0,13.66666667,27.467722,1.291463432,7.733333333,-33.18537094536091,3
328,idm54_EE51,7,water_low,0,13.2,53.7678035,-0.048577832,12.9,-29.751554448316128,3
329,idm54_EE51,8,water_low,2,0.0,48.88389932,78.17207187,3.0,47.53441779679511,3
330,idm54_EE51,9,water_low,0,12.53333333,55.30347704,-4.987872946,13.2,-34.198575094556325,3
331,idm54_EE51,10,water_low,0,5.866666667,46.0801814,-8.01354304,10.66666667,-38.00280467477224,3
462,idm54_EFC1,1,water_high,3,0.0,79.26784464,97.2896912,0.3,-8.570330371045875,3
463,idm54_EFC1,2,water_high,3,0.0,84.94090687,94.73275554,0.266666667,-4.079072020136588,3
464,idm54_EFC1,3,water_high,3,0.0,90.67909212,95.16044092,0.166666667,1.455489702767005,3
465,idm54_EFC1,4,water_high,3,0.0,89.16613834,95.88635864,0.366666667,0.27945568903157475,3
466,idm54_EFC1,5,water_high,3,0.0,87.05027046,95.41364502,0.266666667,-1.8704211234338903,3
467,idm54_EFC1,6,water_high,2,0.0,94.36288686,94.4901932,0.7,4.772292794282901,3
468,idm54_EFC1,7,water_high,2,0.0,85.41496644,94.76000761,0.733333333,-3.553730285190786,3
469,idm54_EFC1,8,water_high,2,0.0,87.23549512,95.37358783,1.2,-1.6213111307480912,3
470,idm54_EFC1,9,water_high,2,1.166666667,95.88774953,105.3495322,1.066666667,9.85814164451063,3
471,idm54_EFC1,10,water_high,2,0.0,92.75585412,94.65273522,1.1,3.3294850999632675,3
542,idm55_0ED1,1,no_high,2,1.166666667,98.31288838,98.37709025,1.433333333,1.135418962681492,4
543,idm55_0ED1,2,no_high,3,0.0,92.52859236,93.68290234,0.8,-6.375130782941918,4
544,idm55_0ED1,3,no_high,2,0.0,86.70294226,93.38465311,2.0,-10.797838266119118,4
545,idm55_0ED1,4,no_high,2,1.366666667,112.164327,104.4847317,1.233333333,15.411486197007072,4
546,idm55_0ED1,5,no_high,2,0.0,110.9291283,95.61424745,1.166666667,8.39306814867017,4
547,idm55_0ED1,6,no_high,2,0.0,97.74191413,82.64761166,1.133333333,-10.05180520258076,4
548,idm55_0ED1,7,no_high,2,0.0,97.33521335,76.7449357,1.566666667,-14.349391568974976,4
549,idm55_0ED1,8,no_high,2,0.0,112.1566742,75.79282612,1.366666667,-4.174838476006944,4
550,idm55_0ED1,9,no_high,2,2.533333333,117.6615731,98.83417185,2.866666667,15.701148549344651,4
551,idm55_0ED1,10,no_high,2,1.033333333,104.0791211,97.96984912,3.3,5.1078824389203845,4
560,idm55_E031,1,no_high,2,0.266666667,55.07548429,100.1935793,0.866666667,-16.093241427292458,4
561,idm55_E031,2,no_high,2,1.133333333,77.47350845,99.54353534,1.266666667,-7.649486178084453,4
562,idm55_E031,3,no_high,3,0.0,79.88822253,98.75276741,0.566666667,-6.363605309121626,4
563,idm55_E031,4,no_high,2,4.733333333,84.13303568,85.17005058,1.866666667,8.43964683540965,4
564,idm55_E031,5,no_high,2,2.933333333,86.30717113,91.67757118,3.066666667,3.1032009237178557,4
565,idm55_E031,6,no_high,2,0.0,88.33898676,92.31871781,3.2,2.7940568478811922,4
566,idm55_E031,7,no_high,2,4.366666667,96.82707745,107.5654956,1.266666667,-7.913810411871117,4
567,idm55_E031,8,no_high,2,1.633333333,78.34651419,96.4892277,4.833333333,-3.9947165873085773,4
568,idm55_E031,9,no_high,2,3.833333333,85.3191078,93.46558702,5.8,1.622449425808801,4
569,idm55_E031,10,no_high,2,6.8,81.22869404,65.93973402,6.7,26.055505880860704,4
552,idm55_EDF1,1,no_high,3,0.0,73.5285822,95.42201423,0.433333333,18.903704773484986,3
553,idm55_EDF1,2,no_high,3,0.0,88.21435096,91.80951851,0.3,3.8797133404904174,3
554,idm55_EDF1,3,no_high,3,0.466666667,91.02110633,110.6143087,0.266666667,3.4606118805596626,3
555,idm55_EDF1,4,no_high,3,0.0,95.89846302,96.76464099,0.233333333,-3.1206371224221647,3
556,idm55_EDF1,5,no_high,3,0.0,87.29901241,90.65281131,0.266666667,4.6420529172147456,3
557,idm55_EDF1,6,no_high,3,0.0,100.5037028,92.1650232,0.3,-8.266987222615446,3
558,idm55_EDF1,7,no_high,3,0.0,99.13679805,92.54791891,0.233333333,-6.86335850097061,3
559,idm55_EDF1,8,no_high,3,0.0,105.0375394,93.20817942,0.1,-12.63510006574159,3
177,idm56_E1A1,1,no_low,2,1.7,54.40927005,90.56019329,2.2,55.705572664046514,4
178,idm56_E1A1,2,no_low,2,3.133333333,55.40650718,93.57646297,3.266666667,58.44387398844827,4
179,idm56_E1A1,3,no_low,2,4.066666667,53.88874189,78.66808451,5.233333333,43.39556778630217,4
180,idm56_E1A1,4,no_low,2,10.6,42.41557196,-7.452587421,10.5,-42.99791541235166,4
181,idm56_E1A1,5,no_low,2,2.966666667,29.80202539,61.93236868,3.133333333,27.224228684848885,4
182,idm56_E1A1,6,no_low,2,7.566666667,41.81121108,-12.32964813,10.53333333,-47.54459602679365,4
183,idm56_E1A1,7,no_low,2,3.5,28.36177931,77.82844361,3.266666667,42.90455004913954,4
184,idm56_E1A1,8,no_low,1,14.2,43.54745309,-10.75982536,16.63333333,-47.25710009777942,4
185,idm56_E1A1,9,no_low,0,18.16666667,52.99256553,-7.618722445,18.2,-44.718033338205586,4
186,idm56_E1A1,10,no_low,2,8.533333333,54.60652989,-9.878624306,9.633333333,-45.15614829765502,4
570,idm56_E5C1,1,no_high,2,1.633333333,91.95667279,97.10156574,1.8,-7.538293252779837,5
571,idm56_E5C1,2,no_high,2,0.0,99.57328958,96.65039823,1.233333333,-0.6757079857641053,5
572,idm56_E5C1,3,no_high,3,0.0,107.0315917,95.32616491,0.533333333,5.6748654303598425,5
573,idm56_E5C1,4,no_high,2,0.0,100.5462474,89.89444852,0.966666667,-2.402133520212023,5
574,idm56_E5C1,5,no_high,2,0.0,125.1651869,98.06846072,1.166666667,23.45638270164228,5
575,idm56_E5C1,6,no_high,3,0.0,102.4716527,84.57493935,0.533333333,-2.7010277267998624,5
576,idm56_E5C1,7,no_high,3,0.0,93.81234621,83.50348321,0.766666667,-11.096130757434489,5
577,idm56_E5C1,8,no_high,2,0.0,96.14453854,76.10148787,1.1,-11.813201627936591,5
578,idm56_E5C1,9,no_high,2,0.0,99.45965952,89.78442496,1.233333333,-3.4461248955826234,5
579,idm56_E5C1,10,no_high,2,0.0,114.9568083,89.03165474,1.266666667,10.541371634507467,5
580,idm56_EC91,1,no_high,3,0.0,75.5694306,92.05855166,0.366666667,15.832553284288473,4
581,idm56_EC91,2,no_high,3,0.0,79.08451456,97.0230047,0.4,10.673277487959336,4
582,idm56_EC91,3,no_high,3,0.0,88.50126013,96.47161574,0.333333333,2.2095826239996583,4
583,idm56_EC91,4,no_high,2,0.0,105.992257,96.47759745,1.066666667,-13.944762721321954,4
584,idm56_EC91,5,no_high,2,0.0,93.37583248,95.77090408,2.133333333,-2.0700138948337004,4
585,idm56_EC91,6,no_high,2,1.366666667,102.4821128,98.59424017,1.433333333,-11.507944661490926,4
586,idm56_EC91,7,no_high,3,0.0,102.7547459,95.1968149,0.533333333,-10.438418561582338,4
587,idm56_EC91,8,no_high,2,0.0,92.84513285,78.06333328,0.633333333,5.299950476921739,4
588,idm56_EC91,9,no_high,2,1.566666667,102.3564158,100.2941487,1.766666667,-12.052988630403236,4
589,idm56_EC91,10,no_high,2,3.8,80.4447004,80.12481228,1.166666667,15.998764596463012,4
192,idm56_EEA1,1,no_low,2,3.066666667,63.9718781,88.88651476,3.866666667,-54.5151210983797,7
193,idm56_EEA1,2,no_low,0,19.73333333,9.338178732,-12.5760371,20.0,62.331945705690146,7
194,idm56_EEA1,3,no_low,0,13.53333333,39.75568566,1.405211917,7.4,36.02498544407195,7
195,idm56_EEA1,4,no_low,1,12.66666667,10.24452705,-7.673043896,20.0,56.77810142930435,7
196,idm56_EEA1,5,no_low,0,16.83333333,52.63379576,-10.36857811,16.8,43.2549747221575,7
197,idm56_EEA1,6,no_low,2,7.933333333,37.11695348,-12.41276781,8.1,49.121735125302166,7
198,idm56_EEA1,7,no_low,2,6.433333333,63.20730092,75.09780309,6.366666667,-41.018905516093675,7
199,idm56_EEA1,8,no_low,2,4.966666667,70.45641559,73.25739335,5.033333333,-42.38206381609083,7
200,idm56_EEA1,9,no_low,2,4.333333333,67.09790376,87.72186425,4.433333333,-54.446110038011355,7
201,idm56_EEA1,10,no_low,2,2.1,63.67474311,89.35374868,1.833333333,-55.14954195795059,7
187,idm56_EF31,1,no_low,2,3.833333333,41.13506512,68.84245126,2.733333333,1.7883200554278778,4
188,idm56_EF31,2,no_low,2,2.633333333,30.65871224,71.40338775,2.633333333,-4.693916688932318,4
189,idm56_EF31,3,no_low,2,1.566666667,38.5734102,75.257196,1.333333333,-5.492003453610776,4
190,idm56_EF31,4,no_low,2,5.6,46.32478408,52.85275957,5.4,18.827554831223065,4
191,idm56_EF31,5,no_low,2,1.833333333,37.64432955,80.39998005,1.533333333,-10.429954744107867,4
